file_nm,title,file_url,video_length,age_group,strength,muscularEndurance,cardiovascularEndurance,flexibility,agility,power,equipment
0AUDLJ08S_00041.mp4,요통 예방 운동프로그램,http://openapi.kspo.or.kr/web/video/0AUDLJ08S_00041.mp4,2299,공통,0.26595744680851063,0.26595744680851063,0.0,0.46808510638297873,0.0,0.0,"['매트', '짐볼']"
0AUDLJ08S_00042.mp4,낙상 예방 운동프로그램,http://openapi.kspo.or.kr/web/video/0AUDLJ08S_00042.mp4,981,공통,0.25,0.25,0.0,0.0,0.25,0.25,"['의자', '줄사다리']"
0AUDLJ08S_00043.mp4,우울증 예방 운동프로그램,http://openapi.kspo.or.kr/web/video/0AUDLJ08S_00043.mp4,2928,공통,0.27906976744186046,0.27906976744186046,0.0,0.4418604651162791,0.0,0.0,"['공', '스텝박스', '짐볼', '풍선']"
0AUDLJ08S_00044.mp4,우울증 예방 운동프로그램(댄스운동 편),http://openapi.kspo.or.kr/web/video/0AUDLJ08S_00044.mp4,371,공통,0.1956521739130435,0.1956521739130435,0.0,0.6086956521739131,0.0,0.0,[]
0AUDLJ08S_00045.mp4,고혈압 예방 운동프로그램,http://openapi.kspo.or.kr/web/video/0AUDLJ08S_00045.mp4,2056,공통,0.17647058823529413,0.17647058823529413,0.0,0.6470588235294118,0.0,0.0,"['매트', '밴드', '의자', '짐볼']"
0AUDLJ08S_00046.mp4,당뇨병 예방 운동프로그램,http://openapi.kspo.or.kr/web/video/0AUDLJ08S_00046.mp4,1098,공통,0.3125,0.3125,0.0,0.375,0.0,0.0,['매트']
0AUDLJ08S_00047.mp4,골다공증 예방 운동프로그램,http://openapi.kspo.or.kr/web/video/0AUDLJ08S_00047.mp4,830,공통,0.5,0.5,0.0,0.0,0.0,0.0,"['매트', '밴드', '짐볼']"
0AUDLJ08S_00048.mp4,인지노쇠 예방 운동프로그램,http://openapi.kspo.or.kr/web/video/0AUDLJ08S_00048.mp4,1175,공통,0.48333333333333334,0.48333333333333334,0.0,0.03333333333333333,0.0,0.0,['공']
0AUDLJ08S_00049.mp4,짐볼을 활용한 스트레칭 프로그램,http://openapi.kspo.or.kr/web/video/0AUDLJ08S_00049.mp4,841,공통,0.0,0.0,0.0,1.0,0.0,0.0,['짐볼']
0AUDLJ08S_00050.mp4,짐볼을 활용한 근력운동 프로그램,http://openapi.kspo.or.kr/web/video/0AUDLJ08S_00050.mp4,1224,공통,0.5,0.5,0.0,0.0,0.0,0.0,['짐볼']
0AUDLJ08S_00051.mp4,품롤러를 활용한 스트레칭 프로그램,http://openapi.kspo.or.kr/web/video/0AUDLJ08S_00051.mp4,1239,공통,0.0,0.0,0.0,1.0,0.0,0.0,['폼롤러']
0AUDLJ08S_00052.mp4,품롤러를 활용한 근력운동 프로그램,http://openapi.kspo.or.kr/web/video/0AUDLJ08S_00052.mp4,865,공통,0.5,0.5,0.0,0.0,0.0,0.0,['폼롤러']
0AUDLJ08S_00053.mp4,PAPS 4-5등급 학생 체력증진 프로그램 1편(유연성 향상 편),http://openapi.kspo.or.kr/web/video/0AUDLJ08S_00053.mp4,1315,청소년,0.019230769230769232,0.019230769230769232,0.0,0.8846153846153846,0.038461538461538464,0.038461538461538464,['매트']
0AUDLJ08S_00054.mp4,PAPS 4-5등급 학생 체력증진 프로그램 2편(근력·근지구력 향상 편),http://openapi.kspo.or.kr/web/video/0AUDLJ08S_00054.mp4,980,청소년,0.5,0.5,0.0,0.0,0.0,0.0,"['매트', '짐볼']"
0AUDLJ08S_00055.mp4,PAPS 4-5등급 학생 체력증진 프로그램 3편(민첩성·순발력 향상 편),http://openapi.kspo.or.kr/web/video/0AUDLJ08S_00055.mp4,1299,청소년,0.0,0.0,0.0,0.0,0.5,0.5,"['스텝박스', '줄사다리']"
0AUDLJ08S_00056.mp4,직장인을 위한 운동프로그램(뭉친 어깨 안녕),http://openapi.kspo.or.kr/web/video/0AUDLJ08S_00056.mp4,1168,성인,0.23076923076923078,0.23076923076923078,0.0,0.5384615384615384,0.0,0.0,"['물병', '의자']"
0AUDLJ08S_00057.mp4,직장인을 위한 운동프로그램(다리 부종 타파),http://openapi.kspo.or.kr/web/video/0AUDLJ08S_00057.mp4,822,성인,0.38461538461538464,0.0,0.0,0.6153846153846154,0.0,0.0,[]
0AUDLJ08S_00058.mp4,직장인을 위한 운동프로그램(동료와 함께 짝운동),http://openapi.kspo.or.kr/web/video/0AUDLJ08S_00058.mp4,578,성인,0.041666666666666664,0.041666666666666664,0.0,0.9166666666666666,0.0,0.0,"['줄사다리', '짐볼']"
0AUDLJ08S_00173.mp4,실내 자전거타기,http://openapi.kspo.or.kr/web/video/0AUDLJ08S_00173.mp4,50,공통,0.0,0.0,1.0,0.0,0.0,0.0,['실내자전거']
0AUDLJ08S_00174.mp4,트레드밀에서 걷기,http://openapi.kspo.or.kr/web/video/0AUDLJ08S_00174.mp4,40,공통,0.0,0.0,1.0,0.0,0.0,0.0,['트레드밀']
0AUDLJ08S_00180.mp4,아쿠아로빅,http://openapi.kspo.or.kr/web/video/0AUDLJ08S_00180.mp4,189,공통,0.0,0.0,1.0,0.0,0.0,0.0,['아쿠아봉']
0AUDLJ08S_00183.mp4,달리기,http://openapi.kspo.or.kr/web/video/0AUDLJ08S_00183.mp4,34,공통,0.0,0.0,1.0,0.0,0.0,0.0,[]
0AUDLJ08S_00184.mp4,실외 자전거타기,http://openapi.kspo.or.kr/web/video/0AUDLJ08S_00184.mp4,38,공통,0.0,0.0,1.0,0.0,0.0,0.0,['자전거']
0AUDLJ08S_00186.mp4,계단 올라갔다 내려오기,http://openapi.kspo.or.kr/web/video/0AUDLJ08S_00186.mp4,32,공통,0.0,0.0,1.0,0.0,0.0,0.0,[]
0AUDLJ08S_00187.mp4,계단 뛰어 오르기,http://openapi.kspo.or.kr/web/video/0AUDLJ08S_00187.mp4,38,공통,0.0,0.0,1.0,0.0,0.0,0.0,[]
0AUDLJ08S_00190.mp4,앉아서 다리 밀기,http://openapi.kspo.or.kr/web/video/0AUDLJ08S_00190.mp4,55,공통,1.0,0.0,0.0,0.0,0.0,0.0,['헬스기구']
0AUDLJ08S_00192.mp4,앉아서 다리 굽히기,http://openapi.kspo.or.kr/web/video/0AUDLJ08S_00192.mp4,42,공통,1.0,0.0,0.0,0.0,0.0,0.0,['헬스기구']
0AUDLJ08S_00193.mp4,뒤꿈치 들기,http://openapi.kspo.or.kr/web/video/0AUDLJ08S_00193.mp4,47,공통,1.0,0.0,0.0,0.0,0.0,0.0,['바벨']
0AUDLJ08S_00194.mp4,앉아서 다리 모으기,http://openapi.kspo.or.kr/web/video/0AUDLJ08S_00194.mp4,44,공통,1.0,0.0,0.0,0.0,0.0,0.0,['헬스기구']
0AUDLJ08S_00195.mp4,앉아서 다리 벌리기,http://openapi.kspo.or.kr/web/video/0AUDLJ08S_00195.mp4,55,공통,1.0,0.0,0.0,0.0,0.0,0.0,['헬스기구']
0AUDLJ08S_00197.mp4,앉아서 뒤로 당기기,http://openapi.kspo.or.kr/web/video/0AUDLJ08S_00197.mp4,66,공통,1.0,0.0,0.0,0.0,0.0,0.0,['헬스기구']
0AUDLJ08S_00200.mp4,앉아서 밀기,http://openapi.kspo.or.kr/web/video/0AUDLJ08S_00200.mp4,54,공통,1.0,0.0,0.0,0.0,0.0,0.0,['헬스기구']
0AUDLJ08S_00201.mp4,누워서 밀기,http://openapi.kspo.or.kr/web/video/0AUDLJ08S_00201.mp4,63,공통,1.0,0.0,0.0,0.0,0.0,0.0,['바벨']
0AUDLJ08S_00202.mp4,비스듬히 누워서 밀기,http://openapi.kspo.or.kr/web/video/0AUDLJ08S_00202.mp4,59,공통,1.0,0.0,0.0,0.0,0.0,0.0,['바벨']
0AUDLJ08S_00203.mp4,거꾸로 누워서 밀기,http://openapi.kspo.or.kr/web/video/0AUDLJ08S_00203.mp4,58,공통,1.0,0.0,0.0,0.0,0.0,0.0,['바벨']
0AUDLJ08S_00204.mp4,앉아서 모으기,http://openapi.kspo.or.kr/web/video/0AUDLJ08S_00204.mp4,67,공통,1.0,0.0,0.0,0.0,0.0,0.0,['헬스기구']
0AUDLJ08S_00205.mp4,앉아서 위로 밀기,http://openapi.kspo.or.kr/web/video/0AUDLJ08S_00205.mp4,60,공통,1.0,0.0,0.0,0.0,0.0,0.0,['헬스기구']
0AUDLJ08S_00207.mp4,서서 다리 모으고 벌리기,http://openapi.kspo.or.kr/web/video/0AUDLJ08S_00207.mp4,49,공통,1.0,0.0,0.0,0.0,0.0,0.0,['헬스기구']
0AUDLJ08S_00208.mp4,앉아서 팔꿈치 굽히기,http://openapi.kspo.or.kr/web/video/0AUDLJ08S_00208.mp4,76,공통,1.0,0.0,0.0,0.0,0.0,0.0,['바벨']
0AUDLJ08S_00209.mp4,서서 팔꿈치 펴기,http://openapi.kspo.or.kr/web/video/0AUDLJ08S_00209.mp4,69,공통,1.0,0.0,0.0,0.0,0.0,0.0,['헬스기구']
0AUDLJ08S_00211.mp4,원판던지기,http://openapi.kspo.or.kr/web/video/0AUDLJ08S_00211.mp4,63,공통,1.0,0.0,0.0,0.0,0.0,0.0,['원판']
0AUDLJ08S_00212.mp4,파워클린,http://openapi.kspo.or.kr/web/video/0AUDLJ08S_00212.mp4,77,공통,1.0,0.0,0.0,0.0,0.0,0.0,['바벨']
0AUDLJ08S_00216.mp4,턱걸이,http://openapi.kspo.or.kr/web/video/0AUDLJ08S_00216.mp4,50,공통,1.0,0.0,0.0,0.0,0.0,0.0,['헬스기구']
0AUDLJ08S_00217.mp4,바벨 끌어당기기,http://openapi.kspo.or.kr/web/video/0AUDLJ08S_00217.mp4,94,공통,1.0,0.0,0.0,0.0,0.0,0.0,['바벨']
0AUDLJ08S_00218.mp4,허리 굽혀 덤벨 들기,http://openapi.kspo.or.kr/web/video/0AUDLJ08S_00218.mp4,65,공통,1.0,0.0,0.0,0.0,0.0,0.0,['덤벨']
0AUDLJ08S_00221.mp4,매달려서 뒤로 팔굽혀 펴기,http://openapi.kspo.or.kr/web/video/0AUDLJ08S_00221.mp4,40,공통,1.0,0.0,0.0,0.0,0.0,0.0,['헬스기구']
0AUDLJ08S_00222.mp4,누워서 덤벨 들어올리기,http://openapi.kspo.or.kr/web/video/0AUDLJ08S_00222.mp4,61,공통,1.0,0.0,0.0,0.0,0.0,0.0,['덤벨']
0AUDLJ08S_00223.mp4,누워서 덤벨 모아들기,http://openapi.kspo.or.kr/web/video/0AUDLJ08S_00223.mp4,57,공통,1.0,0.0,0.0,0.0,0.0,0.0,['덤벨']
0AUDLJ08S_00224.mp4,서서 바벨 위로 밀기,http://openapi.kspo.or.kr/web/video/0AUDLJ08S_00224.mp4,52,공통,1.0,0.0,0.0,0.0,0.0,0.0,['바벨']
0AUDLJ08S_00225.mp4,바벨 들어 팔꿈치 굽히기,http://openapi.kspo.or.kr/web/video/0AUDLJ08S_00225.mp4,57,공통,1.0,0.0,0.0,0.0,0.0,0.0,['바벨']
0AUDLJ08S_00226.mp4,고정한 상태에서 덤벨 들고 팔꿈치 굽히기,http://openapi.kspo.or.kr/web/video/0AUDLJ08S_00226.mp4,46,공통,1.0,0.0,0.0,0.0,0.0,0.0,['덤벨']
0AUDLJ08S_00229.mp4,덤벨 옆으로 들어올리기,http://openapi.kspo.or.kr/web/video/0AUDLJ08S_00229.mp4,59,공통,1.0,0.0,0.0,0.0,0.0,0.0,['덤벨']
0AUDLJ08S_00230.mp4,손목 펴기/굽히기,http://openapi.kspo.or.kr/web/video/0AUDLJ08S_00230.mp4,67,공통,1.0,0.0,0.0,0.0,0.0,0.0,['덤벨']
0AUDLJ08S_00231.mp4,서서 상체 일으키기,http://openapi.kspo.or.kr/web/video/0AUDLJ08S_00231.mp4,82,공통,1.0,0.0,0.0,0.0,0.0,0.0,"['덤벨', '물병', '밴드']"
0AUDLJ08S_00233.mp4,한발 앞으로 내밀고 앉았다 일어서기-1,http://openapi.kspo.or.kr/web/video/0AUDLJ08S_00233.mp4,64,공통,1.0,0.0,0.0,0.0,0.0,0.0,['밴드']
0AUDLJ08S_00236.mp4,엎드려 버티기,http://openapi.kspo.or.kr/web/video/0AUDLJ08S_00236.mp4,58,공통,1.0,0.0,0.0,0.0,0.0,0.0,['매트']
0AUDLJ08S_00237.mp4,옆으로 누워 버티기,http://openapi.kspo.or.kr/web/video/0AUDLJ08S_00237.mp4,40,공통,1.0,0.0,0.0,0.0,0.0,0.0,['매트']
0AUDLJ08S_00238.mp4,누워서 다리 들어올리기,http://openapi.kspo.or.kr/web/video/0AUDLJ08S_00238.mp4,51,공통,1.0,0.0,0.0,0.0,0.0,0.0,"['매트', '테이블']"
0AUDLJ08S_00239.mp4,누워서 팔 다리 동시에 들어올리기,http://openapi.kspo.or.kr/web/video/0AUDLJ08S_00239.mp4,58,공통,1.0,0.0,0.0,0.0,0.0,0.0,[]
0AUDLJ08S_00240.mp4,윗몸올리기,http://openapi.kspo.or.kr/web/video/0AUDLJ08S_00240.mp4,69,공통,1.0,0.0,0.0,0.0,0.0,0.0,['매트']
0AUDLJ08S_00242.mp4,누워서 하늘 자전거,http://openapi.kspo.or.kr/web/video/0AUDLJ08S_00242.mp4,56,공통,1.0,0.0,0.0,0.0,0.0,0.0,['소파']
0AUDLJ08S_00243.mp4,누워서 엉덩이 들어올리기,http://openapi.kspo.or.kr/web/video/0AUDLJ08S_00243.mp4,67,공통,1.0,0.0,0.0,0.0,0.0,0.0,"['매트', '소파', '짐볼']"
0AUDLJ08S_00245.mp4,엎드려서 팔 다리 들기,http://openapi.kspo.or.kr/web/video/0AUDLJ08S_00245.mp4,73,공통,1.0,0.0,0.0,0.0,0.0,0.0,['매트']
0AUDLJ08S_00246.mp4,네발기기 자세에서 손바닥으로 바닥밀기,http://openapi.kspo.or.kr/web/video/0AUDLJ08S_00246.mp4,65,공통,1.0,0.0,0.0,0.0,0.0,0.0,['매트']
0AUDLJ08S_00247.mp4,네발기기 자세에서 다리 위로 뻗어올리기,http://openapi.kspo.or.kr/web/video/0AUDLJ08S_00247.mp4,63,공통,1.0,0.0,0.0,0.0,0.0,0.0,['매트']
0AUDLJ08S_00251.mp4,허리 굽혀 팔 뒤로 들기,http://openapi.kspo.or.kr/web/video/0AUDLJ08S_00251.mp4,66,공통,1.0,0.0,0.0,0.0,0.0,0.0,['물병(밴드)']
0AUDLJ08S_00252.mp4,물병 옆으로 들어올리기,http://openapi.kspo.or.kr/web/video/0AUDLJ08S_00252.mp4,49,공통,1.0,0.0,0.0,0.0,0.0,0.0,['물병']
0AUDLJ08S_00253.mp4,팔꿈치 굽히기,http://openapi.kspo.or.kr/web/video/0AUDLJ08S_00253.mp4,58,공통,1.0,0.0,0.0,0.0,0.0,0.0,"['물병', '밴드']"
0AUDLJ08S_00254.mp4,목 굽힘/폄 I,http://openapi.kspo.or.kr/web/video/0AUDLJ08S_00254.mp4,59,공통,1.0,0.0,0.0,0.0,0.0,0.0,['매트']
0AUDLJ08S_00255.mp4,목 굽힘/폄 II,http://openapi.kspo.or.kr/web/video/0AUDLJ08S_00255.mp4,56,공통,1.0,0.0,0.0,0.0,0.0,0.0,['수건(낮은 쿠션)']
0AUDLJ08S_00256.mp4,목 굽힘/폄 III,http://openapi.kspo.or.kr/web/video/0AUDLJ08S_00256.mp4,82,공통,1.0,0.0,0.0,0.0,0.0,0.0,['매트']
0AUDLJ08S_00257.mp4,벽에서 팔굽혀 펴기,http://openapi.kspo.or.kr/web/video/0AUDLJ08S_00257.mp4,88,공통,1.0,0.0,0.0,0.0,0.0,0.0,['밴드']
0AUDLJ08S_00264.mp4,의자 앞에서 앉았다 일어서기,http://openapi.kspo.or.kr/web/video/0AUDLJ08S_00264.mp4,67,공통,1.0,0.0,0.0,0.0,0.0,0.0,['의자']
0AUDLJ08S_00265.mp4,의자에 한 다리 올리고 앉았다 일어서기,http://openapi.kspo.or.kr/web/video/0AUDLJ08S_00265.mp4,58,공통,1.0,0.0,0.0,0.0,0.0,0.0,"['의자', '테이블']"
0AUDLJ08S_00266.mp4,의자에 앉아 다리 뻗어 올리기,http://openapi.kspo.or.kr/web/video/0AUDLJ08S_00266.mp4,59,공통,1.0,0.0,0.0,0.0,0.0,0.0,"['매트', '의자']"
0AUDLJ08S_00267.mp4,앉아서 엉덩관절 굽히기,http://openapi.kspo.or.kr/web/video/0AUDLJ08S_00267.mp4,59,공통,1.0,0.0,0.0,0.0,0.0,0.0,['의자']
0AUDLJ08S_00270.mp4,한발 서서 균형잡기,http://openapi.kspo.or.kr/web/video/0AUDLJ08S_00270.mp4,64,공통,1.0,0.0,0.0,0.0,0.0,0.0,['의자']
0AUDLJ08S_00271.mp4,소파를 이용한 윗몸올리기,http://openapi.kspo.or.kr/web/video/0AUDLJ08S_00271.mp4,65,공통,1.0,0.0,0.0,0.0,0.0,0.0,['소파']
0AUDLJ08S_00273.mp4,의자에 앉아 등 굽혔다 펴기,http://openapi.kspo.or.kr/web/video/0AUDLJ08S_00273.mp4,48,공통,1.0,0.0,0.0,0.0,0.0,0.0,['의자']
0AUDLJ08S_00275.mp4,서서 다리로 탄력밴드 당기기 I,http://openapi.kspo.or.kr/web/video/0AUDLJ08S_00275.mp4,49,공통,1.0,0.0,0.0,0.0,0.0,0.0,['밴드']
0AUDLJ08S_00276.mp4,서서 다리로 탄력밴드 당기기 II,http://openapi.kspo.or.kr/web/video/0AUDLJ08S_00276.mp4,68,공통,1.0,0.0,0.0,0.0,0.0,0.0,['밴드']
0AUDLJ08S_00278.mp4,탄력밴드 어깨 가쪽 돌림,http://openapi.kspo.or.kr/web/video/0AUDLJ08S_00278.mp4,63,공통,1.0,0.0,0.0,0.0,0.0,0.0,['밴드']
0AUDLJ08S_00283.mp4,밴드 잡고 누워서 다리 밀기,http://openapi.kspo.or.kr/web/video/0AUDLJ08S_00283.mp4,68,공통,1.0,0.0,0.0,0.0,0.0,0.0,['밴드']
0AUDLJ08S_00284.mp4,밴드 머리 뒤로 들어올리기,http://openapi.kspo.or.kr/web/video/0AUDLJ08S_00284.mp4,65,공통,1.0,0.0,0.0,0.0,0.0,0.0,['밴드']
0AUDLJ08S_00286.mp4,짐볼 윗몸올리기,http://openapi.kspo.or.kr/web/video/0AUDLJ08S_00286.mp4,67,공통,1.0,0.0,0.0,0.0,0.0,0.0,['짐볼']
0AUDLJ08S_00287.mp4,짐볼에 다리 올리고 엉덩이 들어올리기,http://openapi.kspo.or.kr/web/video/0AUDLJ08S_00287.mp4,45,공통,1.0,0.0,0.0,0.0,0.0,0.0,['짐볼']
0AUDLJ08S_00288.mp4,짐볼에 엎드려서 팔 다리 들기,http://openapi.kspo.or.kr/web/video/0AUDLJ08S_00288.mp4,52,공통,1.0,0.0,0.0,0.0,0.0,0.0,['짐볼']
0AUDLJ08S_00291.mp4,의자에 앉아 다리로 짐볼 쥐기,http://openapi.kspo.or.kr/web/video/0AUDLJ08S_00291.mp4,52,공통,1.0,0.0,0.0,0.0,0.0,0.0,['짐볼']
0AUDLJ08S_00292.mp4,짐볼 들고 양옆으로 돌리기,http://openapi.kspo.or.kr/web/video/0AUDLJ08S_00292.mp4,57,공통,1.0,0.0,0.0,0.0,0.0,0.0,['짐볼']
0AUDLJ08S_00294.mp4,"짐볼에서 몸통 돌리기, 짐볼에서 엉덩이 돌리기",http://openapi.kspo.or.kr/web/video/0AUDLJ08S_00294.mp4,119,공통,1.0,0.0,0.0,0.0,0.0,0.0,"['공', '짐볼']"
0AUDLJ08S_00298.mp4,누워서 공들고 몸 기울이기,http://openapi.kspo.or.kr/web/video/0AUDLJ08S_00298.mp4,68,공통,1.0,0.0,0.0,0.0,0.0,0.0,['공']
0AUDLJ08S_00302.mp4,의자에 앉아 볼 돌리기,http://openapi.kspo.or.kr/web/video/0AUDLJ08S_00302.mp4,47,공통,1.0,0.0,0.0,0.0,0.0,0.0,['공']
0AUDLJ08S_00303.mp4,앉아서팔꿈치굽히기/펴기,http://openapi.kspo.or.kr/web/video/0AUDLJ08S_00303.mp4,57,공통,1.0,0.0,0.0,0.0,0.0,0.0,['덤벨']
0AUDLJ08S_00305.mp4,엎드려서 균형잡기,http://openapi.kspo.or.kr/web/video/0AUDLJ08S_00305.mp4,82,공통,1.0,0.0,0.0,0.0,0.0,0.0,['보슈']
0AUDLJ08S_00307.mp4,엎드려서 다리 차올리기,http://openapi.kspo.or.kr/web/video/0AUDLJ08S_00307.mp4,51,공통,1.0,0.0,0.0,0.0,0.0,0.0,['보슈']
0AUDLJ08S_00309.mp4,짝 운동,http://openapi.kspo.or.kr/web/video/0AUDLJ08S_00309.mp4,68,공통,1.0,0.0,0.0,0.0,0.0,0.0,['보슈']
0AUDLJ08S_00311.mp4,앉았다 일어서면서 점프하기,http://openapi.kspo.or.kr/web/video/0AUDLJ08S_00311.mp4,34,공통,0.0,0.0,0.0,0.0,0.5,0.5,[]
0AUDLJ08S_00312.mp4,무릎 높여 제자리 달리기,http://openapi.kspo.or.kr/web/video/0AUDLJ08S_00312.mp4,49,공통,0.0,0.0,0.0,0.0,0.5,0.5,[]
0AUDLJ08S_00313.mp4,옆으로 펀치하기,http://openapi.kspo.or.kr/web/video/0AUDLJ08S_00313.mp4,54,공통,0.0,0.0,0.0,0.0,0.5,0.5,['덤벨']
0AUDLJ08S_00315.mp4,버피운동,http://openapi.kspo.or.kr/web/video/0AUDLJ08S_00315.mp4,47,공통,0.0,0.0,0.0,0.0,0.5,0.5,[]
0AUDLJ08S_00316.mp4,점프 팔굽혀펴기,http://openapi.kspo.or.kr/web/video/0AUDLJ08S_00316.mp4,45,공통,0.0,0.0,0.0,0.0,0.5,0.5,[]
0AUDLJ08S_00317.mp4,계단 두발 뛰기,http://openapi.kspo.or.kr/web/video/0AUDLJ08S_00317.mp4,44,공통,0.0,0.0,0.0,0.0,0.5,0.5,[]
0AUDLJ08S_00318.mp4,계단 두 칸씩 두발 뛰기,http://openapi.kspo.or.kr/web/video/0AUDLJ08S_00318.mp4,49,공통,0.0,0.0,0.0,0.0,0.5,0.5,[]
0AUDLJ08S_00319.mp4,계단 한발 뛰기,http://openapi.kspo.or.kr/web/video/0AUDLJ08S_00319.mp4,51,공통,0.0,0.0,0.0,0.0,0.5,0.5,[]
0AUDLJ08S_00321.mp4,스텝퍼 뛰어서 오르내리기,http://openapi.kspo.or.kr/web/video/0AUDLJ08S_00321.mp4,50,공통,0.0,0.0,0.0,0.0,0.5,0.5,['스탭퍼']
0AUDLJ08S_00323.mp4,스텝퍼 옆으로 뛰어넘기,http://openapi.kspo.or.kr/web/video/0AUDLJ08S_00323.mp4,37,공통,0.0,0.0,0.0,0.0,0.5,0.5,['스탭퍼']
0AUDLJ08S_00324.mp4,스텝퍼 올라가서 점프하여 착지하기,http://openapi.kspo.or.kr/web/video/0AUDLJ08S_00324.mp4,42,공통,0.0,0.0,0.0,0.0,0.5,0.5,['스탭퍼']
0AUDLJ08S_00325.mp4,뛰어 내렸다가 바로 점프하기,http://openapi.kspo.or.kr/web/video/0AUDLJ08S_00325.mp4,37,공통,0.0,0.0,0.0,0.0,0.5,0.5,['원판']
0AUDLJ08S_00326.mp4,사다리 안팎 뛰기,http://openapi.kspo.or.kr/web/video/0AUDLJ08S_00326.mp4,42,공통,0.0,0.0,0.0,0.0,0.5,0.5,['줄사다리']
0AUDLJ08S_00329.mp4,공에 엎드려서 상체 들어올리기,http://openapi.kspo.or.kr/web/video/0AUDLJ08S_00329.mp4,71,공통,0.0,0.0,0.0,1.0,0.0,0.0,['짐볼']
0AUDLJ08S_00330.mp4,물속에서 걷기,http://openapi.kspo.or.kr/web/video/0AUDLJ08S_00330.mp4,45,공통,0.0,0.0,0.0,1.0,0.0,0.0,[]
0AUDLJ08S_00335.mp4,옆으로 누워서 팔 앞으로 당기기,http://openapi.kspo.or.kr/web/video/0AUDLJ08S_00335.mp4,62,공통,0.0,0.0,0.0,1.0,0.0,0.0,['베개']
0AUDLJ08S_00336.mp4,테이블 이용하여 팔 들어올리기,http://openapi.kspo.or.kr/web/video/0AUDLJ08S_00336.mp4,66,공통,0.0,0.0,0.0,1.0,0.0,0.0,['테이블']
0AUDLJ08S_00337.mp4,테이블 이용하여 팔 옆으로 벌리기,http://openapi.kspo.or.kr/web/video/0AUDLJ08S_00337.mp4,55,공통,0.0,0.0,0.0,1.0,0.0,0.0,['테이블']
0AUDLJ08S_00339.mp4,누워서 막대 잡고 팔 들어올리기,http://openapi.kspo.or.kr/web/video/0AUDLJ08S_00339.mp4,73,공통,0.0,0.0,0.0,1.0,0.0,0.0,['막대']
0AUDLJ08S_00340.mp4,누워서 막대 잡고 팔 회전하기,http://openapi.kspo.or.kr/web/video/0AUDLJ08S_00340.mp4,64,공통,0.0,0.0,0.0,1.0,0.0,0.0,['막대']
0AUDLJ08S_00341.mp4,막대 잡고 대각선으로 팔 들어올리기,http://openapi.kspo.or.kr/web/video/0AUDLJ08S_00341.mp4,82,공통,0.0,0.0,0.0,1.0,0.0,0.0,['막대']
0AUDLJ08S_00342.mp4,수건 잡고 팔 들어올리기,http://openapi.kspo.or.kr/web/video/0AUDLJ08S_00342.mp4,69,공통,0.0,0.0,0.0,1.0,0.0,0.0,['수건']
0AUDLJ08S_00346.mp4,탄력밴드 당기면서 팔 들어올리기,http://openapi.kspo.or.kr/web/video/0AUDLJ08S_00346.mp4,67,공통,0.0,0.0,0.0,1.0,0.0,0.0,['밴드']
0AUDLJ08S_00347.mp4,수건 이용하여 장딴지 늘리기,http://openapi.kspo.or.kr/web/video/0AUDLJ08S_00347.mp4,61,공통,0.0,0.0,0.0,1.0,0.0,0.0,['수건']
0AUDLJ08S_00348.mp4,수동적 관절가동범위 운동,http://openapi.kspo.or.kr/web/video/0AUDLJ08S_00348.mp4,78,공통,0.0,0.0,0.0,1.0,0.0,0.0,['의자']
0AUDLJ08S_00349.mp4,밴드잡고 머리 위에서 팔꿈치 펴기,http://openapi.kspo.or.kr/web/video/0AUDLJ08S_00349.mp4,81,공통,0.0,0.0,0.0,1.0,0.0,0.0,['밴드']
0AUDLJ08S_00351.mp4,팔굽혀펴기,http://openapi.kspo.or.kr/web/video/0AUDLJ08S_00351.mp4,91,유소년,0.5,0.5,0.0,0.0,0.0,0.0,['매트']
0AUDLJ08S_00352.mp4,누워서 뒤로 팔굽혀펴기,http://openapi.kspo.or.kr/web/video/0AUDLJ08S_00352.mp4,91,유소년,0.5,0.5,0.0,0.0,0.0,0.0,[]
0AUDLJ08S_00353.mp4,앉아서 엉덩이 들고 이동하기,http://openapi.kspo.or.kr/web/video/0AUDLJ08S_00353.mp4,99,유소년,0.5,0.5,0.0,0.0,0.0,0.0,['라바콘']
0AUDLJ08S_00354.mp4,엎드려 팔로 걷기,http://openapi.kspo.or.kr/web/video/0AUDLJ08S_00354.mp4,84,유소년,0.5,0.5,0.0,0.0,0.0,0.0,[]
0AUDLJ08S_00355.mp4,아령 앞으로 들어올리기,http://openapi.kspo.or.kr/web/video/0AUDLJ08S_00355.mp4,78,유소년,0.5,0.5,0.0,0.0,0.0,0.0,['아령']
0AUDLJ08S_00356.mp4,아령 뒤로 들어올리기,http://openapi.kspo.or.kr/web/video/0AUDLJ08S_00356.mp4,107,유소년,0.5,0.5,0.0,0.0,0.0,0.0,"['물병', '아령']"
0AUDLJ08S_00357.mp4,의자 잡고 팔 뒤로 굽히기,http://openapi.kspo.or.kr/web/video/0AUDLJ08S_00357.mp4,99,유소년,0.5,0.5,0.0,0.0,0.0,0.0,['의자']
0AUDLJ08S_00358.mp4,밴드 앞 옆으로 들어올리기,http://openapi.kspo.or.kr/web/video/0AUDLJ08S_00358.mp4,106,유소년,0.5,0.5,0.0,0.0,0.0,0.0,"['밴드', '아령']"
0AUDLJ08S_00359.mp4,밴드 어깨 뒤로 들어올리기,http://openapi.kspo.or.kr/web/video/0AUDLJ08S_00359.mp4,103,유소년,0.5,0.5,0.0,0.0,0.0,0.0,['밴드']
0AUDLJ08S_00360.mp4,엎드려 상체 들어올리기,http://openapi.kspo.or.kr/web/video/0AUDLJ08S_00360.mp4,102,유소년,0.5,0.5,0.0,0.0,0.0,0.0,['매트']
0AUDLJ08S_00361.mp4,슈퍼맨자세,http://openapi.kspo.or.kr/web/video/0AUDLJ08S_00361.mp4,95,유소년,0.5,0.5,0.0,0.0,0.0,0.0,['매트']
0AUDLJ08S_00362.mp4,엎드려 팔 대고 버티기,http://openapi.kspo.or.kr/web/video/0AUDLJ08S_00362.mp4,102,유소년,0.5,0.5,0.0,0.0,0.0,0.0,['매트']
0AUDLJ08S_00363.mp4,옆으로 팔 대고 버티기,http://openapi.kspo.or.kr/web/video/0AUDLJ08S_00363.mp4,84,유소년,0.5,0.5,0.0,0.0,0.0,0.0,['매트']
0AUDLJ08S_00364.mp4,앉아서 다리 펴고 들어올리기,http://openapi.kspo.or.kr/web/video/0AUDLJ08S_00364.mp4,85,유소년,0.5,0.5,0.0,0.0,0.0,0.0,['매트']
0AUDLJ08S_00365.mp4,누워서 다리 펴고 원 그리기,http://openapi.kspo.or.kr/web/video/0AUDLJ08S_00365.mp4,100,유소년,0.5,0.5,0.0,0.0,0.0,0.0,"['매트', '밴드']"
0AUDLJ08S_00366.mp4,팔꿈치 무릎 교차 닿기,http://openapi.kspo.or.kr/web/video/0AUDLJ08S_00366.mp4,106,유소년,0.5,0.5,0.0,0.0,0.0,0.0,['매트']
0AUDLJ08S_00367.mp4,팔 구부려 등 모으기,http://openapi.kspo.or.kr/web/video/0AUDLJ08S_00367.mp4,83,유소년,0.5,0.5,0.0,0.0,0.0,0.0,['매트']
0AUDLJ08S_00368.mp4,윗몸말아올리기,http://openapi.kspo.or.kr/web/video/0AUDLJ08S_00368.mp4,105,유소년,0.5,0.5,0.0,0.0,0.0,0.0,"['매트', '밴드']"
0AUDLJ08S_00369.mp4,머리 뒤로 깍지 끼고 상체 숙이기,http://openapi.kspo.or.kr/web/video/0AUDLJ08S_00369.mp4,107,유소년,0.5,0.5,0.0,0.0,0.0,0.0,[]
0AUDLJ08S_00370.mp4,엎드려 무릎 당기기,http://openapi.kspo.or.kr/web/video/0AUDLJ08S_00370.mp4,127,유소년,0.5,0.5,0.0,0.0,0.0,0.0,[]
0AUDLJ08S_00371.mp4,다리 올려 의자 넘기,http://openapi.kspo.or.kr/web/video/0AUDLJ08S_00371.mp4,103,유소년,0.5,0.5,0.0,0.0,0.0,0.0,['의자']
0AUDLJ08S_00372.mp4,앉아서 밴드 당기기,http://openapi.kspo.or.kr/web/video/0AUDLJ08S_00372.mp4,98,유소년,0.5,0.5,0.0,0.0,0.0,0.0,['밴드']
0AUDLJ08S_00373.mp4,밴드로 다리 올려 버티기,http://openapi.kspo.or.kr/web/video/0AUDLJ08S_00373.mp4,96,유소년,0.5,0.5,0.0,0.0,0.0,0.0,['밴드']
0AUDLJ08S_00374.mp4,밴드 다리 올려 버티기,http://openapi.kspo.or.kr/web/video/0AUDLJ08S_00374.mp4,145,유소년,0.5,0.5,0.0,0.0,0.0,0.0,['밴드']
0AUDLJ08S_00375.mp4,밴드 앞으로 당기기,http://openapi.kspo.or.kr/web/video/0AUDLJ08S_00375.mp4,105,유소년,0.5,0.5,0.0,0.0,0.0,0.0,['밴드']
0AUDLJ08S_00376.mp4,무릎 구부려 상체 비틀기,http://openapi.kspo.or.kr/web/video/0AUDLJ08S_00376.mp4,106,유소년,0.5,0.5,0.0,0.0,0.0,0.0,['매트']
0AUDLJ08S_00377.mp4,공 잡고 상체 들어올리기,http://openapi.kspo.or.kr/web/video/0AUDLJ08S_00377.mp4,101,유소년,0.5,0.5,0.0,0.0,0.0,0.0,['공']
0AUDLJ08S_00378.mp4,팔로 써클링 누르기,http://openapi.kspo.or.kr/web/video/0AUDLJ08S_00378.mp4,101,유소년,0.5,0.5,0.0,0.0,0.0,0.0,"['공', '써클링']"
0AUDLJ08S_00379.mp4,V자 버티기,http://openapi.kspo.or.kr/web/video/0AUDLJ08S_00379.mp4,161,유소년,0.5,0.5,0.0,0.0,0.0,0.0,['써클링']
0AUDLJ08S_00380.mp4,써클휠로 다리 끌어당기기,http://openapi.kspo.or.kr/web/video/0AUDLJ08S_00380.mp4,130,유소년,0.5,0.5,0.0,0.0,0.0,0.0,['써클휠']
0AUDLJ08S_00381.mp4,옆으로 누워 다리 들어올리기,http://openapi.kspo.or.kr/web/video/0AUDLJ08S_00381.mp4,137,유소년,0.5,0.5,0.0,0.0,0.0,0.0,['매트']
0AUDLJ08S_00382.mp4,엎드려 다리 들어올리기,http://openapi.kspo.or.kr/web/video/0AUDLJ08S_00382.mp4,130,유소년,0.5,0.5,0.0,0.0,0.0,0.0,['매트']
0AUDLJ08S_00383.mp4,무릎 굽혀 엉덩이 들어올리기,http://openapi.kspo.or.kr/web/video/0AUDLJ08S_00383.mp4,99,유소년,0.5,0.5,0.0,0.0,0.0,0.0,['매트']
0AUDLJ08S_00384.mp4,옆으로 누워 무릎 벌리기,http://openapi.kspo.or.kr/web/video/0AUDLJ08S_00384.mp4,111,유소년,0.5,0.5,0.0,0.0,0.0,0.0,['매트']
0AUDLJ08S_00385.mp4,앉았다 일어서기,http://openapi.kspo.or.kr/web/video/0AUDLJ08S_00385.mp4,152,유소년,0.5,0.5,0.0,0.0,0.0,0.0,['짐볼']
0AUDLJ08S_00386.mp4,옆으로 다리 뻗기,http://openapi.kspo.or.kr/web/video/0AUDLJ08S_00386.mp4,109,유소년,0.5,0.5,0.0,0.0,0.0,0.0,[]
0AUDLJ08S_00387.mp4,다리 앞뒤로 벌려 굽혔다 펴기,http://openapi.kspo.or.kr/web/video/0AUDLJ08S_00387.mp4,114,유소년,0.5,0.5,0.0,0.0,0.0,0.0,[]
0AUDLJ08S_00388.mp4,교차 다리 굽히기,http://openapi.kspo.or.kr/web/video/0AUDLJ08S_00388.mp4,124,유소년,0.5,0.5,0.0,0.0,0.0,0.0,['덤벨']
0AUDLJ08S_00389.mp4,앞으로 나가며 앉았다 일어서기,http://openapi.kspo.or.kr/web/video/0AUDLJ08S_00389.mp4,134,유소년,0.5,0.5,0.0,0.0,0.0,0.0,['의자']
0AUDLJ08S_00390.mp4,뒷발 의자 올려 굽히기,http://openapi.kspo.or.kr/web/video/0AUDLJ08S_00390.mp4,130,유소년,0.5,0.5,0.0,0.0,0.0,0.0,['의자']
0AUDLJ08S_00391.mp4,다리 옆으로 들어올리기,http://openapi.kspo.or.kr/web/video/0AUDLJ08S_00391.mp4,106,유소년,0.5,0.5,0.0,0.0,0.0,0.0,['의자']
0AUDLJ08S_00392.mp4,앞발 의자 올려 굽히기,http://openapi.kspo.or.kr/web/video/0AUDLJ08S_00392.mp4,123,유소년,0.5,0.5,0.0,0.0,0.0,0.0,['의자']
0AUDLJ08S_00393.mp4,앞발 들어올리기,http://openapi.kspo.or.kr/web/video/0AUDLJ08S_00393.mp4,90,유소년,0.5,0.5,0.0,0.0,0.0,0.0,['의자']
0AUDLJ08S_00394.mp4,발 뒤꿈치 들어올리기,http://openapi.kspo.or.kr/web/video/0AUDLJ08S_00394.mp4,124,유소년,0.5,0.5,0.0,0.0,0.0,0.0,['의자']
0AUDLJ08S_00395.mp4,밴드 한 발 뒤로 들기,http://openapi.kspo.or.kr/web/video/0AUDLJ08S_00395.mp4,147,유소년,0.5,0.5,0.0,0.0,0.0,0.0,['밴드']
0AUDLJ08S_00396.mp4,의자에 앉아 다리 펴서 들어올리기,http://openapi.kspo.or.kr/web/video/0AUDLJ08S_00396.mp4,196,유소년,0.5,0.5,0.0,0.0,0.0,0.0,['의자']
0AUDLJ08S_00397.mp4,밴드 잡고 무릎 펴기,http://openapi.kspo.or.kr/web/video/0AUDLJ08S_00397.mp4,110,유소년,0.5,0.5,0.0,0.0,0.0,0.0,['밴드']
0AUDLJ08S_00398.mp4,밴드 잡고 다리 옆으로 벌리기,http://openapi.kspo.or.kr/web/video/0AUDLJ08S_00398.mp4,120,유소년,0.5,0.5,0.0,0.0,0.0,0.0,['밴드']
0AUDLJ08S_00399.mp4,무릎 올려 공 닿기,http://openapi.kspo.or.kr/web/video/0AUDLJ08S_00399.mp4,107,유소년,0.5,0.5,0.0,0.0,0.0,0.0,['큰공']
0AUDLJ08S_00400.mp4,허리 비틀어 앉았다 일어서기,http://openapi.kspo.or.kr/web/video/0AUDLJ08S_00400.mp4,121,유소년,0.5,0.5,0.0,0.0,0.0,0.0,['짐볼']
0AUDLJ08S_00401.mp4,제자리 뛰기,http://openapi.kspo.or.kr/web/video/0AUDLJ08S_00401.mp4,73,유소년,0.0,0.0,1.0,0.0,0.0,0.0,['밴드']
0AUDLJ08S_00402.mp4,엎드려 무릎 연속 차기,http://openapi.kspo.or.kr/web/video/0AUDLJ08S_00402.mp4,92,유소년,0.0,0.0,1.0,0.0,0.0,0.0,[]
0AUDLJ08S_00403.mp4,왕복 달리기,http://openapi.kspo.or.kr/web/video/0AUDLJ08S_00403.mp4,123,유소년,0.0,0.0,1.0,0.0,0.0,0.0,['콘']
0AUDLJ08S_00404.mp4,1단 줄넘기,http://openapi.kspo.or.kr/web/video/0AUDLJ08S_00404.mp4,86,유소년,0.0,0.0,1.0,0.0,0.0,0.0,['줄넘기']
0AUDLJ08S_00405.mp4,계단 오르기,http://openapi.kspo.or.kr/web/video/0AUDLJ08S_00405.mp4,72,유소년,0.0,0.0,1.0,0.0,0.0,0.0,['계단']
0AUDLJ08S_00406.mp4,박스 오르내리기,http://openapi.kspo.or.kr/web/video/0AUDLJ08S_00406.mp4,84,유소년,0.0,0.0,1.0,0.0,0.0,0.0,['스텝박스']
0AUDLJ08S_00407.mp4,다리 모았다 벌려 뛰기,http://openapi.kspo.or.kr/web/video/0AUDLJ08S_00407.mp4,104,유소년,0.0,0.0,1.0,0.0,0.0,0.0,['스텝박스']
0AUDLJ08S_00408.mp4,박스 옆으로 번갈아 뛰기,http://openapi.kspo.or.kr/web/video/0AUDLJ08S_00408.mp4,125,유소년,0.0,0.0,1.0,0.0,0.0,0.0,['스텝박스']
0AUDLJ08S_00409.mp4,한 발 무릎 올려차기,http://openapi.kspo.or.kr/web/video/0AUDLJ08S_00409.mp4,104,유소년,0.0,0.0,1.0,0.0,0.0,0.0,['스텝박스']
0AUDLJ08S_00410.mp4,무릎 굽혀 가슴 닿기,http://openapi.kspo.or.kr/web/video/0AUDLJ08S_00410.mp4,110,유소년,0.0,0.0,0.0,1.0,0.0,0.0,['매트']
0AUDLJ08S_00411.mp4,발바닥 마주대고 끌어당기기,http://openapi.kspo.or.kr/web/video/0AUDLJ08S_00411.mp4,84,유소년,0.0,0.0,0.0,1.0,0.0,0.0,['매트']
0AUDLJ08S_00412.mp4,다리 굽혀(W자) 상체 뒤로 눕기,http://openapi.kspo.or.kr/web/video/0AUDLJ08S_00412.mp4,121,유소년,0.0,0.0,0.0,1.0,0.0,0.0,['매트']
0AUDLJ08S_00413.mp4,발목 얹고 다리 잡아당기기,http://openapi.kspo.or.kr/web/video/0AUDLJ08S_00413.mp4,117,유소년,0.0,0.0,0.0,1.0,0.0,0.0,['매트']
0AUDLJ08S_00414.mp4,다리 벌려 앞으로 상체 숙이기,http://openapi.kspo.or.kr/web/video/0AUDLJ08S_00414.mp4,103,유소년,0.0,0.0,0.0,1.0,0.0,0.0,['매트']
0AUDLJ08S_00415.mp4,다리 벌려 옆으로 상체 숙이기,http://openapi.kspo.or.kr/web/video/0AUDLJ08S_00415.mp4,136,유소년,0.0,0.0,0.0,1.0,0.0,0.0,['매트']
0AUDLJ08S_00416.mp4,한 발 앞굽이 팔 위로 뻗어 가슴 내밀기,http://openapi.kspo.or.kr/web/video/0AUDLJ08S_00416.mp4,131,유소년,0.0,0.0,0.0,1.0,0.0,0.0,[]
0AUDLJ08S_00417.mp4,다리 모아 상체 숙이기,http://openapi.kspo.or.kr/web/video/0AUDLJ08S_00417.mp4,94,유소년,0.0,0.0,0.0,1.0,0.0,0.0,[]
0AUDLJ08S_00418.mp4,다리 꼬아 상체 앞으로 숙이기,http://openapi.kspo.or.kr/web/video/0AUDLJ08S_00418.mp4,119,유소년,0.0,0.0,0.0,1.0,0.0,0.0,[]
0AUDLJ08S_00419.mp4,앉아서 한발 앞으로 굽히기,http://openapi.kspo.or.kr/web/video/0AUDLJ08S_00419.mp4,115,유소년,0.0,0.0,0.0,1.0,0.0,0.0,"['매트', '밴드']"
0AUDLJ08S_00420.mp4,앉아서 옆구리 늘려주기,http://openapi.kspo.or.kr/web/video/0AUDLJ08S_00420.mp4,116,유소년,0.0,0.0,0.0,1.0,0.0,0.0,['매트']
0AUDLJ08S_00421.mp4,앉아 윗몸 앞으로 굽히기,http://openapi.kspo.or.kr/web/video/0AUDLJ08S_00421.mp4,101,유소년,0.0,0.0,0.0,1.0,0.0,0.0,['밴드']
0AUDLJ08S_00422.mp4,무릎 대고 상체 뒤로 젖히기,http://openapi.kspo.or.kr/web/video/0AUDLJ08S_00422.mp4,107,유소년,0.0,0.0,0.0,1.0,0.0,0.0,['매트']
0AUDLJ08S_00423.mp4,엎드려 상체 들어올리기-1,http://openapi.kspo.or.kr/web/video/0AUDLJ08S_00423.mp4,99,유소년,0.0,0.0,0.0,1.0,0.0,0.0,['매트']
0AUDLJ08S_00424.mp4,엎드려 교차 발 잡아당기기,http://openapi.kspo.or.kr/web/video/0AUDLJ08S_00424.mp4,124,유소년,0.0,0.0,0.0,1.0,0.0,0.0,"['매트', '밴드']"
0AUDLJ08S_00425.mp4,한발 뒤로 빼고 앞으로 굽히기,http://openapi.kspo.or.kr/web/video/0AUDLJ08S_00425.mp4,134,유소년,0.0,0.0,0.0,1.0,0.0,0.0,['매트']
0AUDLJ08S_00426.mp4,무릎 대고 옆으로 기울이기,http://openapi.kspo.or.kr/web/video/0AUDLJ08S_00426.mp4,112,유소년,0.0,0.0,0.0,1.0,0.0,0.0,['써클링']
0AUDLJ08S_00427.mp4,누워서 굽힌 다리 펴기,http://openapi.kspo.or.kr/web/video/0AUDLJ08S_00427.mp4,97,유소년,0.0,0.0,0.0,1.0,0.0,0.0,['써클링']
0AUDLJ08S_00428.mp4,엎드려 어깨 늘리기,http://openapi.kspo.or.kr/web/video/0AUDLJ08S_00428.mp4,97,유소년,0.0,0.0,0.0,1.0,0.0,0.0,['써클휠']
0AUDLJ08S_00429.mp4,활 자세,http://openapi.kspo.or.kr/web/video/0AUDLJ08S_00429.mp4,103,유소년,0.0,0.0,0.0,1.0,0.0,0.0,['써클링']
0AUDLJ08S_00430.mp4,다리 모아 뒤로 눕기,http://openapi.kspo.or.kr/web/video/0AUDLJ08S_00430.mp4,95,유소년,0.0,0.0,0.0,1.0,0.0,0.0,['써클휠']
0AUDLJ08S_00431.mp4,팔 빨리 흔들기,http://openapi.kspo.or.kr/web/video/0AUDLJ08S_00431.mp4,71,유소년,0.0,0.0,0.0,0.0,0.0,1.0,[]
0AUDLJ08S_00432.mp4,잔발치기,http://openapi.kspo.or.kr/web/video/0AUDLJ08S_00432.mp4,72,유소년,0.0,0.0,0.0,0.0,0.0,1.0,[]
0AUDLJ08S_00433.mp4,벽 잡고 빨리 뛰기,http://openapi.kspo.or.kr/web/video/0AUDLJ08S_00433.mp4,64,유소년,0.0,0.0,0.0,0.0,0.0,1.0,[]
0AUDLJ08S_00434.mp4,50M 달리기,http://openapi.kspo.or.kr/web/video/0AUDLJ08S_00434.mp4,52,유소년,0.0,0.0,0.0,0.0,0.0,1.0,['콘']
0AUDLJ08S_00435.mp4,점프해서 발바닥 치기,http://openapi.kspo.or.kr/web/video/0AUDLJ08S_00435.mp4,79,유소년,0.0,0.0,0.0,0.0,0.0,1.0,[]
0AUDLJ08S_00436.mp4,점프해서 손 발끝 닿기,http://openapi.kspo.or.kr/web/video/0AUDLJ08S_00436.mp4,54,유소년,0.0,0.0,0.0,0.0,0.0,1.0,[]
0AUDLJ08S_00437.mp4,제자리 멀리 뛰기,http://openapi.kspo.or.kr/web/video/0AUDLJ08S_00437.mp4,70,유소년,0.0,0.0,0.0,0.0,0.0,1.0,[]
0AUDLJ08S_00438.mp4,대(大)자 점프 뛰기,http://openapi.kspo.or.kr/web/video/0AUDLJ08S_00438.mp4,76,유소년,0.0,0.0,0.0,0.0,0.0,1.0,[]
0AUDLJ08S_00439.mp4,콘 뛰어넘기,http://openapi.kspo.or.kr/web/video/0AUDLJ08S_00439.mp4,86,유소년,0.0,0.0,0.0,0.0,0.0,1.0,['콘']
0AUDLJ08S_00440.mp4,연속 무릎 올리기,http://openapi.kspo.or.kr/web/video/0AUDLJ08S_00440.mp4,64,유소년,0.0,0.0,0.0,0.0,0.0,1.0,['바']
0AUDLJ08S_00441.mp4,2단 줄넘기,http://openapi.kspo.or.kr/web/video/0AUDLJ08S_00441.mp4,84,유소년,0.0,0.0,0.0,0.0,0.0,1.0,['줄넘기']
0AUDLJ08S_00442.mp4,4방향 콘 찍고 달리기,http://openapi.kspo.or.kr/web/video/0AUDLJ08S_00442.mp4,93,유소년,0.0,0.0,0.0,0.0,1.0,0.0,['콘']
0AUDLJ08S_00443.mp4,점프하며 앞으로 나가기,http://openapi.kspo.or.kr/web/video/0AUDLJ08S_00443.mp4,75,유소년,0.0,0.0,0.0,0.0,1.0,0.0,['하프콘']
0AUDLJ08S_00444.mp4,S자 달리기,http://openapi.kspo.or.kr/web/video/0AUDLJ08S_00444.mp4,78,유소년,0.0,0.0,0.0,0.0,1.0,0.0,['콘']
0AUDLJ08S_00445.mp4,십(十)자 달리기,http://openapi.kspo.or.kr/web/video/0AUDLJ08S_00445.mp4,103,유소년,0.0,0.0,0.0,0.0,1.0,0.0,['콘']
0AUDLJ08S_00446.mp4,반복 옆 뛰기,http://openapi.kspo.or.kr/web/video/0AUDLJ08S_00446.mp4,57,유소년,0.0,0.0,0.0,0.0,1.0,0.0,['콘']
0AUDLJ08S_00447.mp4,의자 잡고 반복 옆 뛰기,http://openapi.kspo.or.kr/web/video/0AUDLJ08S_00447.mp4,74,유소년,0.0,0.0,0.0,0.0,1.0,0.0,['의자']
0AUDLJ08S_00459.mp4,걷기,http://openapi.kspo.or.kr/web/video/0AUDLJ08S_00459.mp4,62,공통,0.0,0.0,1.0,0.0,0.0,0.0,[]
0AUDLJ08S_00460.mp4,달리기,http://openapi.kspo.or.kr/web/video/0AUDLJ08S_00460.mp4,58,공통,0.0,0.0,1.0,0.0,0.0,0.0,[]
0AUDLJ08S_00461.mp4,실외 자전거타기,http://openapi.kspo.or.kr/web/video/0AUDLJ08S_00461.mp4,51,공통,0.0,0.0,1.0,0.0,0.0,0.0,['자전거']
0AUDLJ08S_00462.mp4,실내 자전거타기,http://openapi.kspo.or.kr/web/video/0AUDLJ08S_00462.mp4,76,공통,0.0,0.0,1.0,0.0,0.0,0.0,['자전거']
0AUDLJ08S_00463.mp4,트레드밀에서 걷기,http://openapi.kspo.or.kr/web/video/0AUDLJ08S_00463.mp4,46,공통,0.0,0.0,1.0,0.0,0.0,0.0,['헬스기구']
0AUDLJ08S_00464.mp4,줄넘기,http://openapi.kspo.or.kr/web/video/0AUDLJ08S_00464.mp4,67,공통,0.0,0.0,1.0,0.0,0.0,0.0,['줄넘기']
0AUDLJ08S_00465.mp4,계단 올라갔다 내려오기,http://openapi.kspo.or.kr/web/video/0AUDLJ08S_00465.mp4,51,공통,0.0,0.0,1.0,0.0,0.0,0.0,['계단']
0AUDLJ08S_00466.mp4,계단 뛰어 오르기,http://openapi.kspo.or.kr/web/video/0AUDLJ08S_00466.mp4,56,공통,0.0,0.0,1.0,0.0,0.0,0.0,[]
0AUDLJ08S_00467.mp4,수영,http://openapi.kspo.or.kr/web/video/0AUDLJ08S_00467.mp4,50,공통,0.0,0.0,1.0,0.0,0.0,0.0,[]
0AUDLJ08S_00468.mp4,엉덩관절 회전하기,http://openapi.kspo.or.kr/web/video/0AUDLJ08S_00468.mp4,103,공통,0.0,0.0,1.0,0.0,0.0,0.0,[]
0AUDLJ08S_00469.mp4,물당기기/밀기,http://openapi.kspo.or.kr/web/video/0AUDLJ08S_00469.mp4,82,공통,0.0,0.0,1.0,0.0,0.0,0.0,[]
0AUDLJ08S_00470.mp4,옆구리 늘리기,http://openapi.kspo.or.kr/web/video/0AUDLJ08S_00470.mp4,66,공통,0.0,0.0,1.0,0.0,0.0,0.0,['아쿠아봉']
0AUDLJ08S_00471.mp4,물 누르기/올리기,http://openapi.kspo.or.kr/web/video/0AUDLJ08S_00471.mp4,73,공통,0.0,0.0,1.0,0.0,0.0,0.0,['아쿠아봉']
0AUDLJ08S_00472.mp4,발 닿기,http://openapi.kspo.or.kr/web/video/0AUDLJ08S_00472.mp4,83,공통,0.0,0.0,1.0,0.0,0.0,0.0,['아쿠아봉']
0AUDLJ08S_00473.mp4,몸 기울이기/회전하기,http://openapi.kspo.or.kr/web/video/0AUDLJ08S_00473.mp4,67,공통,0.0,0.0,1.0,0.0,0.0,0.0,['아쿠아봉']
0AUDLJ08S_00474.mp4,앉아서 다리 밀기,http://openapi.kspo.or.kr/web/video/0AUDLJ08S_00474.mp4,65,공통,1.0,0.0,0.0,0.0,0.0,0.0,['헬스기구']
0AUDLJ08S_00475.mp4,앉아서 다리 펴기,http://openapi.kspo.or.kr/web/video/0AUDLJ08S_00475.mp4,51,공통,1.0,0.0,0.0,0.0,0.0,0.0,['헬스기구']
0AUDLJ08S_00476.mp4,앉아서 다리 굽히기,http://openapi.kspo.or.kr/web/video/0AUDLJ08S_00476.mp4,50,공통,1.0,0.0,0.0,0.0,0.0,0.0,['헬스기구']
0AUDLJ08S_00477.mp4,뒤꿈치 들기,http://openapi.kspo.or.kr/web/video/0AUDLJ08S_00477.mp4,59,공통,1.0,0.0,0.0,0.0,0.0,0.0,['스텝박스']
0AUDLJ08S_00478.mp4,앉아서 다리 모으기,http://openapi.kspo.or.kr/web/video/0AUDLJ08S_00478.mp4,65,공통,1.0,0.0,0.0,0.0,0.0,0.0,['헬스기구']
0AUDLJ08S_00479.mp4,앉아서 다리 벌리기,http://openapi.kspo.or.kr/web/video/0AUDLJ08S_00479.mp4,49,공통,1.0,0.0,0.0,0.0,0.0,0.0,['헬스기구']
0AUDLJ08S_00480.mp4,앉아서 당겨 내리기,http://openapi.kspo.or.kr/web/video/0AUDLJ08S_00480.mp4,62,공통,1.0,0.0,0.0,0.0,0.0,0.0,['헬스기구']
0AUDLJ08S_00481.mp4,앉아서 뒤로 당기기,http://openapi.kspo.or.kr/web/video/0AUDLJ08S_00481.mp4,58,공통,1.0,0.0,0.0,0.0,0.0,0.0,['헬스기구']
0AUDLJ08S_00482.mp4,몸통 들어올리기,http://openapi.kspo.or.kr/web/video/0AUDLJ08S_00482.mp4,61,공통,1.0,0.0,0.0,0.0,0.0,0.0,['헬스기구']
0AUDLJ08S_00483.mp4,앉아서 몸통 움츠리기,http://openapi.kspo.or.kr/web/video/0AUDLJ08S_00483.mp4,55,공통,1.0,0.0,0.0,0.0,0.0,0.0,['헬스기구']
0AUDLJ08S_00484.mp4,앉아서 밀기,http://openapi.kspo.or.kr/web/video/0AUDLJ08S_00484.mp4,55,공통,1.0,0.0,0.0,0.0,0.0,0.0,['헬스기구']
0AUDLJ08S_00485.mp4,누워서 밀기,http://openapi.kspo.or.kr/web/video/0AUDLJ08S_00485.mp4,55,공통,1.0,0.0,0.0,0.0,0.0,0.0,['헬스기구']
0AUDLJ08S_00486.mp4,비스듬히 누워서 밀기,http://openapi.kspo.or.kr/web/video/0AUDLJ08S_00486.mp4,60,공통,1.0,0.0,0.0,0.0,0.0,0.0,['헬스기구']
0AUDLJ08S_00487.mp4,거꾸로 누워서 밀기,http://openapi.kspo.or.kr/web/video/0AUDLJ08S_00487.mp4,60,공통,1.0,0.0,0.0,0.0,0.0,0.0,['헬스기구']
0AUDLJ08S_00488.mp4,앉아서 모으기,http://openapi.kspo.or.kr/web/video/0AUDLJ08S_00488.mp4,62,공통,1.0,0.0,0.0,0.0,0.0,0.0,['헬스기구']
0AUDLJ08S_00489.mp4,앉아서 위로 밀기,http://openapi.kspo.or.kr/web/video/0AUDLJ08S_00489.mp4,60,공통,1.0,0.0,0.0,0.0,0.0,0.0,['헬스기구']
0AUDLJ08S_00490.mp4,바벨 들어 올리기,http://openapi.kspo.or.kr/web/video/0AUDLJ08S_00490.mp4,70,공통,1.0,0.0,0.0,0.0,0.0,0.0,"['덤벨', '바벨']"
0AUDLJ08S_00491.mp4,원판 던지기,http://openapi.kspo.or.kr/web/video/0AUDLJ08S_00491.mp4,67,공통,1.0,0.0,0.0,0.0,0.0,0.0,['원판']
0AUDLJ08S_00492.mp4,파워클린,http://openapi.kspo.or.kr/web/video/0AUDLJ08S_00492.mp4,69,공통,1.0,0.0,0.0,0.0,0.0,0.0,['바벨']
0AUDLJ08S_00493.mp4,바벨 앉았다 일어서기,http://openapi.kspo.or.kr/web/video/0AUDLJ08S_00493.mp4,64,공통,1.0,0.0,0.0,0.0,0.0,0.0,['바벨']
0AUDLJ08S_00494.mp4,덤벨 한 발 앞으로 내밀고 앉았다 일어서기,http://openapi.kspo.or.kr/web/video/0AUDLJ08S_00494.mp4,68,공통,1.0,0.0,0.0,0.0,0.0,0.0,['덤벨']
0AUDLJ08S_00495.mp4,바벨 서서 어깨 들어올리기,http://openapi.kspo.or.kr/web/video/0AUDLJ08S_00495.mp4,59,공통,1.0,0.0,0.0,0.0,0.0,0.0,['바벨']
0AUDLJ08S_00496.mp4,턱걸이,http://openapi.kspo.or.kr/web/video/0AUDLJ08S_00496.mp4,57,공통,1.0,0.0,0.0,0.0,0.0,0.0,['헬스기구']
0AUDLJ08S_00497.mp4,바벨 끌어당기기,http://openapi.kspo.or.kr/web/video/0AUDLJ08S_00497.mp4,72,공통,1.0,0.0,0.0,0.0,0.0,0.0,"['덤벨', '바벨']"
0AUDLJ08S_00498.mp4,허리 굽혀 덤벨 들기,http://openapi.kspo.or.kr/web/video/0AUDLJ08S_00498.mp4,72,공통,1.0,0.0,0.0,0.0,0.0,0.0,['덤벨']
0AUDLJ08S_00499.mp4,매달려서 다리들기,http://openapi.kspo.or.kr/web/video/0AUDLJ08S_00499.mp4,52,공통,1.0,0.0,0.0,0.0,0.0,0.0,['헬스기구']
0AUDLJ08S_00500.mp4,몸통 옆으로 굽히기,http://openapi.kspo.or.kr/web/video/0AUDLJ08S_00500.mp4,67,공통,1.0,0.0,0.0,0.0,0.0,0.0,['덤벨']
0AUDLJ08S_00501.mp4,매달려서 뒤로 팔굽혀펴기,http://openapi.kspo.or.kr/web/video/0AUDLJ08S_00501.mp4,58,공통,1.0,0.0,0.0,0.0,0.0,0.0,['헬스기구']
0AUDLJ08S_00502.mp4,누워서 덤벨 들어올리기,http://openapi.kspo.or.kr/web/video/0AUDLJ08S_00502.mp4,64,공통,1.0,0.0,0.0,0.0,0.0,0.0,['덤벨']
0AUDLJ08S_00503.mp4,누워서 덤벨 모아들기,http://openapi.kspo.or.kr/web/video/0AUDLJ08S_00503.mp4,68,공통,1.0,0.0,0.0,0.0,0.0,0.0,['덤벨']
0AUDLJ08S_00504.mp4,서서 바벨 위로 밀기,http://openapi.kspo.or.kr/web/video/0AUDLJ08S_00504.mp4,67,공통,1.0,0.0,0.0,0.0,0.0,0.0,"['덤벨', '바벨']"
0AUDLJ08S_00505.mp4,바벨 들어 팔꿈치 굽히기,http://openapi.kspo.or.kr/web/video/0AUDLJ08S_00505.mp4,65,공통,1.0,0.0,0.0,0.0,0.0,0.0,"['덤벨', '바벨']"
0AUDLJ08S_00506.mp4,고정한 상태에서 덤벨 들고 팔꿈치 굽히기,http://openapi.kspo.or.kr/web/video/0AUDLJ08S_00506.mp4,53,공통,1.0,0.0,0.0,0.0,0.0,0.0,['덤벨']
0AUDLJ08S_00507.mp4,누워서 머리 위로 팔꿈치 펴기,http://openapi.kspo.or.kr/web/video/0AUDLJ08S_00507.mp4,71,공통,1.0,0.0,0.0,0.0,0.0,0.0,"['덤벨', '바벨']"
0AUDLJ08S_00508.mp4,허기 굽혀 덤벨 위로 들기,http://openapi.kspo.or.kr/web/video/0AUDLJ08S_00508.mp4,62,공통,1.0,0.0,0.0,0.0,0.0,0.0,['덤벨']
0AUDLJ08S_00509.mp4,덤벨 옆으로 들어올리기,http://openapi.kspo.or.kr/web/video/0AUDLJ08S_00509.mp4,54,공통,1.0,0.0,0.0,0.0,0.0,0.0,['덤벨']
0AUDLJ08S_00510.mp4,손목 펴기/굽히기,http://openapi.kspo.or.kr/web/video/0AUDLJ08S_00510.mp4,68,공통,1.0,0.0,0.0,0.0,0.0,0.0,['아령']
0AUDLJ08S_00511.mp4,앉아서 팔꿈치 굽히기/펴기,http://openapi.kspo.or.kr/web/video/0AUDLJ08S_00511.mp4,69,공통,1.0,0.0,0.0,0.0,0.0,0.0,['아령']
0AUDLJ08S_00512.mp4,서서 균형잡기,http://openapi.kspo.or.kr/web/video/0AUDLJ08S_00512.mp4,68,공통,1.0,0.0,0.0,0.0,0.0,0.0,['보슈']
0AUDLJ08S_00513.mp4,엎드려서 균형잡기,http://openapi.kspo.or.kr/web/video/0AUDLJ08S_00513.mp4,92,공통,1.0,0.0,0.0,0.0,0.0,0.0,['보슈']
0AUDLJ08S_00514.mp4,윗몸 말아 올리기,http://openapi.kspo.or.kr/web/video/0AUDLJ08S_00514.mp4,72,공통,1.0,0.0,0.0,0.0,0.0,0.0,['보슈']
0AUDLJ08S_00515.mp4,엎드려서 다리 차올리기,http://openapi.kspo.or.kr/web/video/0AUDLJ08S_00515.mp4,76,공통,1.0,0.0,0.0,0.0,0.0,0.0,['보슈']
0AUDLJ08S_00516.mp4,서서 균형 잡으며 몸통 회전하기,http://openapi.kspo.or.kr/web/video/0AUDLJ08S_00516.mp4,52,공통,1.0,0.0,0.0,0.0,0.0,0.0,['보슈']
0AUDLJ08S_00517.mp4,짝운동,http://openapi.kspo.or.kr/web/video/0AUDLJ08S_00517.mp4,66,공통,1.0,0.0,0.0,0.0,0.0,0.0,['보슈']
0AUDLJ08S_00518.mp4,서서 상체 일으키기,http://openapi.kspo.or.kr/web/video/0AUDLJ08S_00518.mp4,66,공통,1.0,0.0,0.0,0.0,0.0,0.0,"['물병', '밴드']"
0AUDLJ08S_00519.mp4,앉았다 일어서기-1,http://openapi.kspo.or.kr/web/video/0AUDLJ08S_00519.mp4,69,공통,1.0,0.0,0.0,0.0,0.0,0.0,['짐볼']
0AUDLJ08S_00520.mp4,의자 앞에서 앉았다 일어서기,http://openapi.kspo.or.kr/web/video/0AUDLJ08S_00520.mp4,62,공통,1.0,0.0,0.0,0.0,0.0,0.0,['의자']
0AUDLJ08S_00521.mp4,한발 앞으로 내밀고 앉았다 일어서기,http://openapi.kspo.or.kr/web/video/0AUDLJ08S_00521.mp4,69,공통,1.0,0.0,0.0,0.0,0.0,0.0,"['물통', '밴드']"
0AUDLJ08S_00522.mp4,의자에 한 다리 올리고 앉았다 일어서기,http://openapi.kspo.or.kr/web/video/0AUDLJ08S_00522.mp4,57,공통,1.0,0.0,0.0,0.0,0.0,0.0,['의자']
0AUDLJ08S_00523.mp4,의자에 앉아 다리 뻗어 올리기,http://openapi.kspo.or.kr/web/video/0AUDLJ08S_00523.mp4,70,공통,1.0,0.0,0.0,0.0,0.0,0.0,"['매트', '의자']"
0AUDLJ08S_00524.mp4,앉아서 엉덩관절 굽히기,http://openapi.kspo.or.kr/web/video/0AUDLJ08S_00524.mp4,68,공통,1.0,0.0,0.0,0.0,0.0,0.0,"['소파', '의자', '짐볼']"
0AUDLJ08S_00525.mp4,서서 다리 뒤로차기,http://openapi.kspo.or.kr/web/video/0AUDLJ08S_00525.mp4,61,공통,1.0,0.0,0.0,0.0,0.0,0.0,"['의자', '테이블']"
0AUDLJ08S_00526.mp4,서서 다리로 탄력밴드 당기기Ⅰ,http://openapi.kspo.or.kr/web/video/0AUDLJ08S_00526.mp4,71,공통,1.0,0.0,0.0,0.0,0.0,0.0,['밴드']
0AUDLJ08S_00527.mp4,서서 다리로 턴력밴드 당기기Ⅱ,http://openapi.kspo.or.kr/web/video/0AUDLJ08S_00527.mp4,76,공통,1.0,0.0,0.0,0.0,0.0,0.0,['밴드']
0AUDLJ08S_00528.mp4,서서 뒤꿈치 들기,http://openapi.kspo.or.kr/web/video/0AUDLJ08S_00528.mp4,57,공통,1.0,0.0,0.0,0.0,0.0,0.0,"['밴드', '의자', '짐볼']"
0AUDLJ08S_00529.mp4,한발 서서 균형잡기,http://openapi.kspo.or.kr/web/video/0AUDLJ08S_00529.mp4,59,공통,1.0,0.0,0.0,0.0,0.0,0.0,['의자']
0AUDLJ08S_00530.mp4,방등 굽힘/발바닥 굽힘,http://openapi.kspo.or.kr/web/video/0AUDLJ08S_00530.mp4,83,공통,1.0,0.0,0.0,0.0,0.0,0.0,['수건']
0AUDLJ08S_00531.mp4,누워서 배가로근 수축Ⅰ,http://openapi.kspo.or.kr/web/video/0AUDLJ08S_00531.mp4,67,공통,1.0,0.0,0.0,0.0,0.0,0.0,['매트']
0AUDLJ08S_00532.mp4,누워서 배가로근 수축Ⅱ,http://openapi.kspo.or.kr/web/video/0AUDLJ08S_00532.mp4,86,공통,1.0,0.0,0.0,0.0,0.0,0.0,['매트']
0AUDLJ08S_00533.mp4,윗몸 올리기,http://openapi.kspo.or.kr/web/video/0AUDLJ08S_00533.mp4,72,공통,1.0,0.0,0.0,0.0,0.0,0.0,['매트']
0AUDLJ08S_00534.mp4,짐볼 윗몸 올리기,http://openapi.kspo.or.kr/web/video/0AUDLJ08S_00534.mp4,72,공통,1.0,0.0,0.0,0.0,0.0,0.0,['짐볼']
0AUDLJ08S_00535.mp4,소파를 이용한 윗몸 올리기,http://openapi.kspo.or.kr/web/video/0AUDLJ08S_00535.mp4,78,공통,1.0,0.0,0.0,0.0,0.0,0.0,['소파']
0AUDLJ08S_00536.mp4,엎드려 버티기,http://openapi.kspo.or.kr/web/video/0AUDLJ08S_00536.mp4,71,공통,1.0,0.0,0.0,0.0,0.0,0.0,['매트']
0AUDLJ08S_00537.mp4,옆으로 누워 버티기,http://openapi.kspo.or.kr/web/video/0AUDLJ08S_00537.mp4,62,공통,1.0,0.0,0.0,0.0,0.0,0.0,['매트']
0AUDLJ08S_00538.mp4,누워서 다리 들어올리기,http://openapi.kspo.or.kr/web/video/0AUDLJ08S_00538.mp4,72,공통,1.0,0.0,0.0,0.0,0.0,0.0,['매트']
0AUDLJ08S_00539.mp4,누워서 팔 다리 동시에 들어올리기,http://openapi.kspo.or.kr/web/video/0AUDLJ08S_00539.mp4,69,공통,1.0,0.0,0.0,0.0,0.0,0.0,"['공', '매트']"
0AUDLJ08S_00540.mp4,누워서 다리 좌우로 움직이기,http://openapi.kspo.or.kr/web/video/0AUDLJ08S_00540.mp4,64,공통,1.0,0.0,0.0,0.0,0.0,0.0,['공']
0AUDLJ08S_00541.mp4,누워서 공들고 몸 기울이기,http://openapi.kspo.or.kr/web/video/0AUDLJ08S_00541.mp4,83,공통,1.0,0.0,0.0,0.0,0.0,0.0,['공']
0AUDLJ08S_00542.mp4,누워서 수직으로 다리 들어올리기,http://openapi.kspo.or.kr/web/video/0AUDLJ08S_00542.mp4,67,공통,1.0,0.0,0.0,0.0,0.0,0.0,"['매트', '소파']"
0AUDLJ08S_00543.mp4,누워서 하늘 자전거,http://openapi.kspo.or.kr/web/video/0AUDLJ08S_00543.mp4,63,공통,1.0,0.0,0.0,0.0,0.0,0.0,['소파']
0AUDLJ08S_00544.mp4,누워서 엉덩이 들어올리기,http://openapi.kspo.or.kr/web/video/0AUDLJ08S_00544.mp4,65,공통,1.0,0.0,0.0,0.0,0.0,0.0,"['매트', '의자', '짐볼']"
0AUDLJ08S_00545.mp4,짐볼에 다리올리고 엉덩이 들어올리기,http://openapi.kspo.or.kr/web/video/0AUDLJ08S_00545.mp4,68,공통,1.0,0.0,0.0,0.0,0.0,0.0,['짐볼']
0AUDLJ08S_00546.mp4,네발기기 자세로 팔 다리 들기,http://openapi.kspo.or.kr/web/video/0AUDLJ08S_00546.mp4,70,공통,1.0,0.0,0.0,0.0,0.0,0.0,['매트']
0AUDLJ08S_00547.mp4,엎드려서 팔 다리 들기,http://openapi.kspo.or.kr/web/video/0AUDLJ08S_00547.mp4,91,공통,1.0,0.0,0.0,0.0,0.0,0.0,['매트']
0AUDLJ08S_00548.mp4,네발기기 자세에서 손바닥으로 바닥밀기,http://openapi.kspo.or.kr/web/video/0AUDLJ08S_00548.mp4,57,공통,1.0,0.0,0.0,0.0,0.0,0.0,['매트']
0AUDLJ08S_00549.mp4,짐볼에 엎드려서 팔 다리 들기,http://openapi.kspo.or.kr/web/video/0AUDLJ08S_00549.mp4,69,공통,1.0,0.0,0.0,0.0,0.0,0.0,['짐볼']
0AUDLJ08S_00550.mp4,짐볼에 엎드려서 몸통 젖히기,http://openapi.kspo.or.kr/web/video/0AUDLJ08S_00550.mp4,70,공통,1.0,0.0,0.0,0.0,0.0,0.0,['짐볼']
0AUDLJ08S_00551.mp4,탄력밴드 어깨 가쪽 돌림,http://openapi.kspo.or.kr/web/video/0AUDLJ08S_00551.mp4,67,공통,1.0,0.0,0.0,0.0,0.0,0.0,['밴드']
0AUDLJ08S_00552.mp4,서서 탄력밴드 당겨내리기/올리기,http://openapi.kspo.or.kr/web/video/0AUDLJ08S_00552.mp4,84,공통,1.0,0.0,0.0,0.0,0.0,0.0,['밴드']
0AUDLJ08S_00553.mp4,짐볼에 다리 올리고 좌우로 움직이기,http://openapi.kspo.or.kr/web/video/0AUDLJ08S_00553.mp4,69,공통,1.0,0.0,0.0,0.0,0.0,0.0,['짐볼']
0AUDLJ08S_00554.mp4,네발기기 자세에서 다리 위로 뻗어올리기,http://openapi.kspo.or.kr/web/video/0AUDLJ08S_00554.mp4,69,공통,1.0,0.0,0.0,0.0,0.0,0.0,['밴드']
0AUDLJ08S_00555.mp4,팔굽혀펴기-1,http://openapi.kspo.or.kr/web/video/0AUDLJ08S_00555.mp4,75,공통,1.0,0.0,0.0,0.0,0.0,0.0,['짐볼']
0AUDLJ08S_00556.mp4,뒤로 팔굽혀펴기,http://openapi.kspo.or.kr/web/video/0AUDLJ08S_00556.mp4,66,공통,1.0,0.0,0.0,0.0,0.0,0.0,"['벤치', '짐볼', '테이블']"
0AUDLJ08S_00557.mp4,허리 굽혀 팔 뒤로 들기,http://openapi.kspo.or.kr/web/video/0AUDLJ08S_00557.mp4,77,공통,1.0,0.0,0.0,0.0,0.0,0.0,"['물병', '밴드']"
0AUDLJ08S_00558.mp4,물병 옆으로 들어올리기,http://openapi.kspo.or.kr/web/video/0AUDLJ08S_00558.mp4,62,공통,1.0,0.0,0.0,0.0,0.0,0.0,['물병']
0AUDLJ08S_00559.mp4,팔꿈치 굽히기,http://openapi.kspo.or.kr/web/video/0AUDLJ08S_00559.mp4,71,공통,1.0,0.0,0.0,0.0,0.0,0.0,"['물병', '밴드']"
0AUDLJ08S_00560.mp4,목 굽힘/폄Ⅰ,http://openapi.kspo.or.kr/web/video/0AUDLJ08S_00560.mp4,66,공통,1.0,0.0,0.0,0.0,0.0,0.0,[]
0AUDLJ08S_00561.mp4,목 굽힘/폄Ⅱ,http://openapi.kspo.or.kr/web/video/0AUDLJ08S_00561.mp4,65,공통,1.0,0.0,0.0,0.0,0.0,0.0,['수건']
0AUDLJ08S_00562.mp4,목 굽힘/폄Ⅲ,http://openapi.kspo.or.kr/web/video/0AUDLJ08S_00562.mp4,83,공통,1.0,0.0,0.0,0.0,0.0,0.0,['매트']
0AUDLJ08S_00563.mp4,앉았다 일어서면서 점프하기,http://openapi.kspo.or.kr/web/video/0AUDLJ08S_00563.mp4,59,공통,0.0,0.0,0.0,0.0,0.5,0.5,[]
0AUDLJ08S_00564.mp4,무릎 높여 제자리 달리기,http://openapi.kspo.or.kr/web/video/0AUDLJ08S_00564.mp4,61,공통,0.0,0.0,0.0,0.0,0.5,0.5,[]
0AUDLJ08S_00565.mp4,옆으로 펀치하기,http://openapi.kspo.or.kr/web/video/0AUDLJ08S_00565.mp4,47,공통,0.0,0.0,0.0,0.0,0.5,0.5,['덤벨']
0AUDLJ08S_00566.mp4,스텝퍼 오르내리기,http://openapi.kspo.or.kr/web/video/0AUDLJ08S_00566.mp4,53,공통,0.0,0.0,0.0,0.0,0.5,0.5,['스텝퍼']
0AUDLJ08S_00567.mp4,스텝퍼 뛰어서 오르내리기,http://openapi.kspo.or.kr/web/video/0AUDLJ08S_00567.mp4,57,공통,0.0,0.0,0.0,0.0,0.5,0.5,['스텝퍼']
0AUDLJ08S_00568.mp4,스텝퍼 뛰어서 넘어가기,http://openapi.kspo.or.kr/web/video/0AUDLJ08S_00568.mp4,54,공통,0.0,0.0,0.0,0.0,0.5,0.5,['스텝퍼']
0AUDLJ08S_00569.mp4,스텝퍼 옆으로 뛰어넘기,http://openapi.kspo.or.kr/web/video/0AUDLJ08S_00569.mp4,56,공통,0.0,0.0,0.0,0.0,0.5,0.5,['스텝퍼']
0AUDLJ08S_00570.mp4,스텝퍼 올라가서 점프하여 착지하기,http://openapi.kspo.or.kr/web/video/0AUDLJ08S_00570.mp4,56,공통,0.0,0.0,0.0,0.0,0.5,0.5,['스텝퍼']
0AUDLJ08S_00571.mp4,뛰어 내렸다가 바로 점프하기,http://openapi.kspo.or.kr/web/video/0AUDLJ08S_00571.mp4,61,공통,0.0,0.0,0.0,0.0,0.5,0.5,['벤치']
0AUDLJ08S_00572.mp4,사다리 안팎 뛰기,http://openapi.kspo.or.kr/web/video/0AUDLJ08S_00572.mp4,54,공통,0.0,0.0,0.0,0.0,0.5,0.5,['사다리']
0AUDLJ08S_00573.mp4,사다리 좌우 뛰기,http://openapi.kspo.or.kr/web/video/0AUDLJ08S_00573.mp4,46,공통,0.0,0.0,0.0,0.0,0.5,0.5,['사다리']
0AUDLJ08S_00575.mp4,팔 벌려 뛰기,http://openapi.kspo.or.kr/web/video/0AUDLJ08S_00575.mp4,49,공통,0.0,0.0,0.0,0.0,0.5,0.5,[]
0AUDLJ08S_00576.mp4,버피운동,http://openapi.kspo.or.kr/web/video/0AUDLJ08S_00576.mp4,68,공통,0.0,0.0,0.0,0.0,0.5,0.5,[]
0AUDLJ08S_00577.mp4,점프 팔굽혀펴기,http://openapi.kspo.or.kr/web/video/0AUDLJ08S_00577.mp4,56,공통,0.0,0.0,0.0,0.0,0.5,0.5,[]
0AUDLJ08S_00578.mp4,계단 두발 뛰기,http://openapi.kspo.or.kr/web/video/0AUDLJ08S_00578.mp4,49,공통,0.0,0.0,0.0,0.0,0.5,0.5,['계단']
0AUDLJ08S_00579.mp4,계단 두 칸씩 두발 뛰기,http://openapi.kspo.or.kr/web/video/0AUDLJ08S_00579.mp4,50,공통,0.0,0.0,0.0,0.0,0.5,0.5,['계단']
0AUDLJ08S_00580.mp4,계단 한발 뛰기,http://openapi.kspo.or.kr/web/video/0AUDLJ08S_00580.mp4,47,공통,0.0,0.0,0.0,0.0,0.5,0.5,['계단']
0AUDLJ08S_00581.mp4,목 스트레칭,http://openapi.kspo.or.kr/web/video/0AUDLJ08S_00581.mp4,99,공통,0.0,0.0,0.0,1.0,0.0,0.0,[]
0AUDLJ08S_00582.mp4,등/어깨 뒤쪽 스트레칭-1,http://openapi.kspo.or.kr/web/video/0AUDLJ08S_00582.mp4,77,공통,0.0,0.0,0.0,1.0,0.0,0.0,['짐볼']
0AUDLJ08S_00583.mp4,가슴/어깨 앞쪽 스트레칭,http://openapi.kspo.or.kr/web/video/0AUDLJ08S_00583.mp4,65,공통,0.0,0.0,0.0,1.0,0.0,0.0,[]
0AUDLJ08S_00584.mp4,아래 팔 스트레칭,http://openapi.kspo.or.kr/web/video/0AUDLJ08S_00584.mp4,74,공통,0.0,0.0,0.0,1.0,0.0,0.0,[]
0AUDLJ08S_00585.mp4,허리 스트레칭,http://openapi.kspo.or.kr/web/video/0AUDLJ08S_00585.mp4,89,공통,0.0,0.0,0.0,1.0,0.0,0.0,"['매트', '짐볼']"
0AUDLJ08S_00586.mp4,배 스트레칭,http://openapi.kspo.or.kr/web/video/0AUDLJ08S_00586.mp4,99,공통,0.0,0.0,0.0,1.0,0.0,0.0,['매트']
0AUDLJ08S_00587.mp4,옆구리 스트레칭,http://openapi.kspo.or.kr/web/video/0AUDLJ08S_00587.mp4,77,공통,0.0,0.0,0.0,1.0,0.0,0.0,"['매트', '짐볼']"
0AUDLJ08S_00588.mp4,엉덩이 스트레칭,http://openapi.kspo.or.kr/web/video/0AUDLJ08S_00588.mp4,71,공통,0.0,0.0,0.0,1.0,0.0,0.0,['매트']
0AUDLJ08S_00589.mp4,넙다리 뒤쪽 스트레칭,http://openapi.kspo.or.kr/web/video/0AUDLJ08S_00589.mp4,77,공통,0.0,0.0,0.0,1.0,0.0,0.0,['매트']
0AUDLJ08S_00590.mp4,넙다리 앞쪽 스트레칭,http://openapi.kspo.or.kr/web/video/0AUDLJ08S_00590.mp4,81,공통,0.0,0.0,0.0,1.0,0.0,0.0,[]
0AUDLJ08S_00591.mp4,넙다리 안쪽 스트레칭,http://openapi.kspo.or.kr/web/video/0AUDLJ08S_00591.mp4,92,공통,0.0,0.0,0.0,1.0,0.0,0.0,['매트']
0AUDLJ08S_00592.mp4,하지 루틴 스트레칭1,http://openapi.kspo.or.kr/web/video/0AUDLJ08S_00592.mp4,102,공통,0.0,0.0,0.0,1.0,0.0,0.0,[]
0AUDLJ08S_00593.mp4,하지 루틴 스트레칭2,http://openapi.kspo.or.kr/web/video/0AUDLJ08S_00593.mp4,90,공통,0.0,0.0,1.0,0.0,0.0,0.0,['매트']
0AUDLJ08S_00594.mp4,상지 루틴 스트레칭,http://openapi.kspo.or.kr/web/video/0AUDLJ08S_00594.mp4,116,공통,0.0,0.0,0.0,1.0,0.0,0.0,[]
0AUDLJ08S_00595.mp4,전신 루틴 스트레칭,http://openapi.kspo.or.kr/web/video/0AUDLJ08S_00595.mp4,162,공통,0.0,0.0,0.0,1.0,0.0,0.0,[]
0AUDLJ08S_00596.mp4,유산소 운동 전 동적 루틴 스트레칭,http://openapi.kspo.or.kr/web/video/0AUDLJ08S_00596.mp4,143,공통,0.0,0.0,0.0,1.0,0.0,0.0,[]
0AUDLJ08S_00597.mp4,좌식생활자를 위한 동적 루틴 스트레칭,http://openapi.kspo.or.kr/web/video/0AUDLJ08S_00597.mp4,85,공통,0.0,0.0,0.0,1.0,0.0,0.0,['매트']
0AUDLJ08S_00598.mp4,짐볼을 이용한 동적 루틴 스트레칭,http://openapi.kspo.or.kr/web/video/0AUDLJ08S_00598.mp4,88,공통,0.0,0.0,0.0,1.0,0.0,0.0,['짐볼']
0AUDLJ08S_00599.mp4,작은 공을 이용한 동적 루틴 스트레칭,http://openapi.kspo.or.kr/web/video/0AUDLJ08S_00599.mp4,79,공통,0.0,0.0,0.0,1.0,0.0,0.0,['공']
0AUDLJ08S_00600.mp4,자가근막이완술 루틴 스트레칭,http://openapi.kspo.or.kr/web/video/0AUDLJ08S_00600.mp4,196,공통,0.0,0.0,0.0,1.0,0.0,0.0,['폼롤러']
0AUDLJ08S_00601.mp4,빠르게 걷기(3단계),http://openapi.kspo.or.kr/web/video/0AUDLJ08S_00601.mp4,48,공통,0.0,0.0,0.0,1.0,0.0,0.0,[]
0AUDLJ08S_00602.mp4,팔굽혀펴기-2,http://openapi.kspo.or.kr/web/video/0AUDLJ08S_00602.mp4,50,공통,0.0,0.0,0.0,1.0,0.0,0.0,['매트']
0AUDLJ08S_00603.mp4,공에 엎드려서 상체 들어올리기,http://openapi.kspo.or.kr/web/video/0AUDLJ08S_00603.mp4,60,공통,0.0,0.0,0.0,1.0,0.0,0.0,['짐볼']
0AUDLJ08S_00604.mp4,물속에서 걷기,http://openapi.kspo.or.kr/web/video/0AUDLJ08S_00604.mp4,47,공통,0.0,0.0,0.0,1.0,0.0,0.0,[]
0AUDLJ08S_00605.mp4,앞 뒤 굴곡,http://openapi.kspo.or.kr/web/video/0AUDLJ08S_00605.mp4,69,공통,0.0,0.0,0.0,1.0,0.0,0.0,[]
0AUDLJ08S_00606.mp4,좌우 굴곡,http://openapi.kspo.or.kr/web/video/0AUDLJ08S_00606.mp4,65,공통,0.0,0.0,0.0,1.0,0.0,0.0,['의자']
0AUDLJ08S_00607.mp4,좌우 회전,http://openapi.kspo.or.kr/web/video/0AUDLJ08S_00607.mp4,65,공통,0.0,0.0,0.0,1.0,0.0,0.0,['의자']
0AUDLJ08S_00608.mp4,진자운동,http://openapi.kspo.or.kr/web/video/0AUDLJ08S_00608.mp4,57,공통,0.0,0.0,0.0,1.0,0.0,0.0,['의자']
0AUDLJ08S_00609.mp4,옆으로 누워서 팔 앞으로 당기기,http://openapi.kspo.or.kr/web/video/0AUDLJ08S_00609.mp4,57,공통,0.0,0.0,0.0,1.0,0.0,0.0,['베개']
0AUDLJ08S_00610.mp4,테이블 이용하여 팔 들어올리기,http://openapi.kspo.or.kr/web/video/0AUDLJ08S_00610.mp4,57,공통,0.0,0.0,0.0,1.0,0.0,0.0,['테이블']
0AUDLJ08S_00611.mp4,테이블 이용하여 팔 옆으로 벌리기,http://openapi.kspo.or.kr/web/video/0AUDLJ08S_00611.mp4,57,공통,0.0,0.0,0.0,1.0,0.0,0.0,['테이블']
0AUDLJ08S_00612.mp4,막대 잡고 팔 안쪽/바깥 돌림,http://openapi.kspo.or.kr/web/video/0AUDLJ08S_00612.mp4,57,공통,0.0,0.0,0.0,1.0,0.0,0.0,['막대']
0AUDLJ08S_00613.mp4,누워서 막대 잡고 팔 들어올리기,http://openapi.kspo.or.kr/web/video/0AUDLJ08S_00613.mp4,57,공통,0.0,0.0,0.0,1.0,0.0,0.0,['막대']
0AUDLJ08S_00614.mp4,누워서 막대 잡고 팔 회전하기,http://openapi.kspo.or.kr/web/video/0AUDLJ08S_00614.mp4,57,공통,0.0,0.0,0.0,1.0,0.0,0.0,['막대']
0AUDLJ08S_00615.mp4,막대 잡고 대각선으로 팔 들어올리기,http://openapi.kspo.or.kr/web/video/0AUDLJ08S_00615.mp4,57,공통,0.0,0.0,0.0,1.0,0.0,0.0,['막대']
0AUDLJ08S_00616.mp4,굽힘 밸런스운동,http://openapi.kspo.or.kr/web/video/0AUDLJ08S_00616.mp4,57,공통,0.0,0.0,0.0,1.0,0.0,0.0,['덤벨']
0AUDLJ08S_00617.mp4,벌림 밸런스 운동,http://openapi.kspo.or.kr/web/video/0AUDLJ08S_00617.mp4,57,공통,0.0,0.0,0.0,1.0,0.0,0.0,['아령']
0AUDLJ08S_00618.mp4,수건 잡고 팔 들어올리기,http://openapi.kspo.or.kr/web/video/0AUDLJ08S_00618.mp4,57,공통,0.0,0.0,0.0,1.0,0.0,0.0,['수건']
0AUDLJ08S_00619.mp4,등척성운동(벌림),http://openapi.kspo.or.kr/web/video/0AUDLJ08S_00619.mp4,58,공통,0.0,0.0,0.0,1.0,0.0,0.0,['수건']
0AUDLJ08S_00620.mp4,등척성 운동(바깥돌림),http://openapi.kspo.or.kr/web/video/0AUDLJ08S_00620.mp4,58,공통,0.0,0.0,0.0,1.0,0.0,0.0,['수건']
0AUDLJ08S_00621.mp4,등척성 운동(안쪽돌림),http://openapi.kspo.or.kr/web/video/0AUDLJ08S_00621.mp4,58,공통,0.0,0.0,0.0,1.0,0.0,0.0,['수건']
0AUDLJ08S_00622.mp4,탄력밴드 당기면서 팔 들어올리기,http://openapi.kspo.or.kr/web/video/0AUDLJ08S_00622.mp4,62,공통,0.0,0.0,0.0,1.0,0.0,0.0,['밴드']
0AUDLJ08S_00623.mp4,수건 이용하여 장딴지 늘리기,http://openapi.kspo.or.kr/web/video/0AUDLJ08S_00623.mp4,61,공통,0.0,0.0,0.0,1.0,0.0,0.0,['수건']
0AUDLJ08S_00624.mp4,수동적 관절가동범위 운동,http://openapi.kspo.or.kr/web/video/0AUDLJ08S_00624.mp4,61,공통,0.0,0.0,0.0,1.0,0.0,0.0,['의자']
0AUDLJ08S_00625.mp4,밴드 잡고 머리 위에서 팔꿈치 펴기,http://openapi.kspo.or.kr/web/video/0AUDLJ08S_00625.mp4,62,공통,0.0,0.0,0.0,1.0,0.0,0.0,['밴드']
0AUDLJ08S_00626.mp4,고정식 트레드밀에서 걷기,http://openapi.kspo.or.kr/web/video/0AUDLJ08S_00626.mp4,90,공통,0.0,0.0,1.0,0.0,0.0,0.0,['헬스기구']
0AUDLJ08S_00627.mp4,고정식 자전거 타기,http://openapi.kspo.or.kr/web/video/0AUDLJ08S_00627.mp4,92,공통,0.0,0.0,1.0,0.0,0.0,0.0,['헬스기구']
0AUDLJ08S_00628.mp4,스텝박스 이용해 걷기,http://openapi.kspo.or.kr/web/video/0AUDLJ08S_00628.mp4,95,어르신,0.0,0.0,1.0,0.0,0.0,0.0,['스텝박스']
0AUDLJ08S_00629.mp4,물속에서 걷기-1,http://openapi.kspo.or.kr/web/video/0AUDLJ08S_00629.mp4,53,공통,0.0,0.0,1.0,0.0,0.0,0.0,[]
0AUDLJ08S_00630.mp4,아쿠아로빅 루틴 프로그램,http://openapi.kspo.or.kr/web/video/0AUDLJ08S_00630.mp4,360,어르신,0.0,0.0,1.0,0.0,0.0,0.0,['아쿠아봉']
0AUDLJ08S_00631.mp4,아쿠아로빅,http://openapi.kspo.or.kr/web/video/0AUDLJ08S_00631.mp4,77,어르신,0.0,0.0,1.0,0.0,0.0,0.0,['매트']
0AUDLJ08S_00632.mp4,아쿠아로빅-1,http://openapi.kspo.or.kr/web/video/0AUDLJ08S_00632.mp4,50,어르신,0.0,0.0,1.0,0.0,0.0,0.0,[]
0AUDLJ08S_00633.mp4,아쿠아로빅-2,http://openapi.kspo.or.kr/web/video/0AUDLJ08S_00633.mp4,37,어르신,0.0,0.0,1.0,0.0,0.0,0.0,['막대']
0AUDLJ08S_00634.mp4,아쿠아로빅-3,http://openapi.kspo.or.kr/web/video/0AUDLJ08S_00634.mp4,64,어르신,0.0,0.0,1.0,0.0,0.0,0.0,['아쿠아봉']
0AUDLJ08S_00635.mp4,아쿠아로빅-4,http://openapi.kspo.or.kr/web/video/0AUDLJ08S_00635.mp4,52,어르신,0.0,0.0,1.0,0.0,0.0,0.0,['아쿠아봉']
0AUDLJ08S_00636.mp4,아쿠아로빅-5,http://openapi.kspo.or.kr/web/video/0AUDLJ08S_00636.mp4,63,어르신,0.0,0.0,1.0,0.0,0.0,0.0,['아쿠아봉']
0AUDLJ08S_00637.mp4,수영-1,http://openapi.kspo.or.kr/web/video/0AUDLJ08S_00637.mp4,56,공통,0.0,0.0,1.0,0.0,0.0,0.0,['킥판']
0AUDLJ08S_00638.mp4,앉았다 일어서기-2,http://openapi.kspo.or.kr/web/video/0AUDLJ08S_00638.mp4,126,어르신,1.0,0.0,0.0,0.0,0.0,0.0,['덤벨']
0AUDLJ08S_00639.mp4,바벨 들어 올리기-1,http://openapi.kspo.or.kr/web/video/0AUDLJ08S_00639.mp4,125,어르신,1.0,0.0,0.0,0.0,0.0,0.0,"['덤벨', '바벨']"
0AUDLJ08S_00640.mp4,앉아서 다리 펴기-1,http://openapi.kspo.or.kr/web/video/0AUDLJ08S_00640.mp4,115,공통,1.0,0.0,0.0,0.0,0.0,0.0,['헬스기구']
0AUDLJ08S_00641.mp4,엎드려 다리 굽히기,http://openapi.kspo.or.kr/web/video/0AUDLJ08S_00641.mp4,112,공통,1.0,0.0,0.0,0.0,0.0,0.0,['헬스기구']
0AUDLJ08S_00642.mp4,앉아서 다리 밀기-1,http://openapi.kspo.or.kr/web/video/0AUDLJ08S_00642.mp4,108,공통,1.0,0.0,0.0,0.0,0.0,0.0,['헬스기구']
0AUDLJ08S_00643.mp4,덤벨잡고 뒤꿈치 들기,http://openapi.kspo.or.kr/web/video/0AUDLJ08S_00643.mp4,106,어르신,1.0,0.0,0.0,0.0,0.0,0.0,['덤벨']
0AUDLJ08S_00644.mp4,덤벨 잡고 한발 내밀어 굽혔다 펴기,http://openapi.kspo.or.kr/web/video/0AUDLJ08S_00644.mp4,134,어르신,1.0,0.0,0.0,0.0,0.0,0.0,"['덤벨', '바벨']"
0AUDLJ08S_00645.mp4,서서 다리 모으고 벌리기,http://openapi.kspo.or.kr/web/video/0AUDLJ08S_00645.mp4,84,공통,1.0,0.0,0.0,0.0,0.0,0.0,['헬스기구']
0AUDLJ08S_00646.mp4,앉아서 몸통 움츠리기-1,http://openapi.kspo.or.kr/web/video/0AUDLJ08S_00646.mp4,95,공통,1.0,0.0,0.0,0.0,0.0,0.0,['헬스기구']
0AUDLJ08S_00647.mp4,몸통 들어올리기-1,http://openapi.kspo.or.kr/web/video/0AUDLJ08S_00647.mp4,101,공통,1.0,0.0,0.0,0.0,0.0,0.0,[]
0AUDLJ08S_00648.mp4,앉아서 뒤로 당기기-1,http://openapi.kspo.or.kr/web/video/0AUDLJ08S_00648.mp4,96,공통,1.0,0.0,0.0,0.0,0.0,0.0,['헬스기구']
0AUDLJ08S_00649.mp4,덤벨잡고 몸통 옆으로 굽히기,http://openapi.kspo.or.kr/web/video/0AUDLJ08S_00649.mp4,135,어르신,1.0,0.0,0.0,0.0,0.0,0.0,['덤벨']
0AUDLJ08S_00650.mp4,누워서 가슴 밀기,http://openapi.kspo.or.kr/web/video/0AUDLJ08S_00650.mp4,117,공통,1.0,0.0,0.0,0.0,0.0,0.0,['헬스기구']
0AUDLJ08S_00651.mp4,바벨 당겨올리기,http://openapi.kspo.or.kr/web/video/0AUDLJ08S_00651.mp4,103,어르신,1.0,0.0,0.0,0.0,0.0,0.0,['바벨']
0AUDLJ08S_00652.mp4,앉아서 당겨 내리기-1,http://openapi.kspo.or.kr/web/video/0AUDLJ08S_00652.mp4,96,공통,1.0,0.0,0.0,0.0,0.0,0.0,['헬스기구']
0AUDLJ08S_00653.mp4,앉아서 팔꿈치 굽히기,http://openapi.kspo.or.kr/web/video/0AUDLJ08S_00653.mp4,116,공통,1.0,0.0,0.0,0.0,0.0,0.0,"['바벨', '헬스기구']"
0AUDLJ08S_00654.mp4,서서 팔꿈치 펴기,http://openapi.kspo.or.kr/web/video/0AUDLJ08S_00654.mp4,110,공통,1.0,0.0,0.0,0.0,0.0,0.0,"['덤벨', '헬스기구']"
0AUDLJ08S_00655.mp4,앉아서 어깨 위로 밀기,http://openapi.kspo.or.kr/web/video/0AUDLJ08S_00655.mp4,101,공통,1.0,0.0,0.0,0.0,0.0,0.0,['헬스기구']
0AUDLJ08S_00656.mp4,앉아서 손목 굽히기,http://openapi.kspo.or.kr/web/video/0AUDLJ08S_00656.mp4,110,어르신,1.0,0.0,0.0,0.0,0.0,0.0,"['덤벨', '바벨']"
0AUDLJ08S_00657.mp4,짐볼 이용해 앉았다 일어서기,http://openapi.kspo.or.kr/web/video/0AUDLJ08S_00657.mp4,128,어르신,1.0,0.0,0.0,0.0,0.0,0.0,['짐볼']
0AUDLJ08S_00658.mp4,공 잡고 들어올리기,http://openapi.kspo.or.kr/web/video/0AUDLJ08S_00658.mp4,134,어르신,1.0,0.0,0.0,0.0,0.0,0.0,"['공', '밴드']"
0AUDLJ08S_00659.mp4,물병 들고 한발 앞으로 내밀고 앉았다 일어서기,http://openapi.kspo.or.kr/web/video/0AUDLJ08S_00659.mp4,146,어르신,1.0,0.0,0.0,0.0,0.0,0.0,"['물병', '의자']"
0AUDLJ08S_00660.mp4,밴드 걸고 엎드려 다리 구부리기,http://openapi.kspo.or.kr/web/video/0AUDLJ08S_00660.mp4,139,어르신,1.0,0.0,0.0,0.0,0.0,0.0,"['공', '밴드']"
0AUDLJ08S_00661.mp4,밴드 걸고 누워 다리 들어올리기,http://openapi.kspo.or.kr/web/video/0AUDLJ08S_00661.mp4,145,어르신,1.0,0.0,0.0,0.0,0.0,0.0,"['공', '밴드']"
0AUDLJ08S_00662.mp4,봉 잡고 앉았다 일어서기,http://openapi.kspo.or.kr/web/video/0AUDLJ08S_00662.mp4,127,어르신,1.0,0.0,0.0,0.0,0.0,0.0,"['봉', '의자']"
0AUDLJ08S_00663.mp4,밴드 걸고 앉아 발등 굽힘,http://openapi.kspo.or.kr/web/video/0AUDLJ08S_00663.mp4,120,어르신,1.0,0.0,0.0,0.0,0.0,0.0,"['밴드', '의자']"
0AUDLJ08S_00664.mp4,밴드 걸고 옆으로 누워 다리 올리기,http://openapi.kspo.or.kr/web/video/0AUDLJ08S_00664.mp4,127,어르신,1.0,0.0,0.0,0.0,0.0,0.0,['밴드']
0AUDLJ08S_00665.mp4,의자에 앉아 다리로 짐볼 쥐기,http://openapi.kspo.or.kr/web/video/0AUDLJ08S_00665.mp4,94,어르신,1.0,0.0,0.0,0.0,0.0,0.0,['짐볼']
0AUDLJ08S_00666.mp4,밴드잡고 누워서 다리 밀기,http://openapi.kspo.or.kr/web/video/0AUDLJ08S_00666.mp4,139,어르신,1.0,0.0,0.0,0.0,0.0,0.0,['밴드']
0AUDLJ08S_00667.mp4,엎드려 뒤로 다리 올리기,http://openapi.kspo.or.kr/web/video/0AUDLJ08S_00667.mp4,129,어르신,1.0,0.0,0.0,0.0,0.0,0.0,"['매트', '밴드']"
0AUDLJ08S_00668.mp4,몸통 들어올리기-2,http://openapi.kspo.or.kr/web/video/0AUDLJ08S_00668.mp4,136,어르신,1.0,0.0,0.0,0.0,0.0,0.0,"['매트', '밴드']"
0AUDLJ08S_00669.mp4,물병 양팔 들어올리기,http://openapi.kspo.or.kr/web/video/0AUDLJ08S_00669.mp4,133,어르신,1.0,0.0,0.0,0.0,0.0,0.0,"['물병', '밴드']"
0AUDLJ08S_00670.mp4,밴드 머리 뒤로 들어올리기,http://openapi.kspo.or.kr/web/video/0AUDLJ08S_00670.mp4,132,어르신,1.0,0.0,0.0,0.0,0.0,0.0,"['공', '물병', '밴드']"
0AUDLJ08S_00671.mp4,플렉스 바 비틀기,http://openapi.kspo.or.kr/web/video/0AUDLJ08S_00671.mp4,119,어르신,1.0,0.0,0.0,0.0,0.0,0.0,['플렉스 바']
0AUDLJ08S_00672.mp4,벽에서 팔굽혀펴기,http://openapi.kspo.or.kr/web/video/0AUDLJ08S_00672.mp4,140,어르신,1.0,0.0,0.0,0.0,0.0,0.0,['벽']
0AUDLJ08S_00673.mp4,누워서 공 뒤로 내리고 당기기,http://openapi.kspo.or.kr/web/video/0AUDLJ08S_00673.mp4,141,어르신,1.0,0.0,0.0,0.0,0.0,0.0,['공']
0AUDLJ08S_00674.mp4,짐볼 들고 양옆으로 돌리기,http://openapi.kspo.or.kr/web/video/0AUDLJ08S_00674.mp4,116,어르신,1.0,0.0,0.0,0.0,0.0,0.0,['짐볼']
0AUDLJ08S_00675.mp4,의자에 앉아 볼 돌리기,http://openapi.kspo.or.kr/web/video/0AUDLJ08S_00675.mp4,97,어르신,1.0,0.0,0.0,0.0,0.0,0.0,['공']
0AUDLJ08S_00676.mp4,짐볼 위에 앉아 밴드 양옆으로 당기기,http://openapi.kspo.or.kr/web/video/0AUDLJ08S_00676.mp4,145,어르신,1.0,0.0,0.0,0.0,0.0,0.0,"['의자', '짐볼']"
0AUDLJ08S_00677.mp4,짐볼에서 몸통 돌리기,http://openapi.kspo.or.kr/web/video/0AUDLJ08S_00677.mp4,137,어르신,1.0,0.0,0.0,0.0,0.0,0.0,['짐볼']
0AUDLJ08S_00678.mp4,짐볼에서 엉덩이 돌리기,http://openapi.kspo.or.kr/web/video/0AUDLJ08S_00678.mp4,107,어르신,1.0,0.0,0.0,0.0,0.0,0.0,['짐볼']
0AUDLJ08S_00679.mp4,짐볼에서 윗몸 일으키기,http://openapi.kspo.or.kr/web/video/0AUDLJ08S_00679.mp4,146,어르신,1.0,0.0,0.0,0.0,0.0,0.0,['짐볼']
0AUDLJ08S_00680.mp4,다리로 짐볼 들어올리기,http://openapi.kspo.or.kr/web/video/0AUDLJ08S_00680.mp4,145,어르신,1.0,0.0,0.0,0.0,0.0,0.0,"['의자', '짐볼']"
0AUDLJ08S_00681.mp4,의자에 앉아 등 굽혔다 펴기,http://openapi.kspo.or.kr/web/video/0AUDLJ08S_00681.mp4,90,어르신,1.0,0.0,0.0,0.0,0.0,0.0,['의자']
0AUDLJ08S_00682.mp4,엎드려 양팔 및 다리 들어올리기,http://openapi.kspo.or.kr/web/video/0AUDLJ08S_00682.mp4,103,어르신,1.0,0.0,0.0,0.0,0.0,0.0,['매트']
0AUDLJ08S_00683.mp4,앉아서 밴드 잡고 몸통 돌리기,http://openapi.kspo.or.kr/web/video/0AUDLJ08S_00683.mp4,140,어르신,1.0,0.0,0.0,0.0,0.0,0.0,"['공', '밴드', '짐볼']"
0AUDLJ08S_00684.mp4,밴드 잡고 몸통 옆으로 굽히기,http://openapi.kspo.or.kr/web/video/0AUDLJ08S_00684.mp4,144,어르신,1.0,0.0,0.0,0.0,0.0,0.0,['밴드']
0AUDLJ08S_00685.mp4,누워서 전신 뻗기,http://openapi.kspo.or.kr/web/video/0AUDLJ08S_00685.mp4,125,어르신,0.0,0.0,0.0,1.0,0.0,0.0,['매트']
0AUDLJ08S_00686.mp4,깍지 끼고 상체 숙이기,http://openapi.kspo.or.kr/web/video/0AUDLJ08S_00686.mp4,116,어르신,0.0,0.0,0.0,1.0,0.0,0.0,[]
0AUDLJ08S_00687.mp4,목 스트레칭-1,http://openapi.kspo.or.kr/web/video/0AUDLJ08S_00687.mp4,114,어르신,0.0,0.0,0.0,1.0,0.0,0.0,[]
0AUDLJ08S_00688.mp4,등/어깨 스트레칭,http://openapi.kspo.or.kr/web/video/0AUDLJ08S_00688.mp4,116,어르신,0.0,0.0,0.0,1.0,0.0,0.0,[]
0AUDLJ08S_00689.mp4,어깨 뒤쪽 스트레칭,http://openapi.kspo.or.kr/web/video/0AUDLJ08S_00689.mp4,119,어르신,0.0,0.0,0.0,1.0,0.0,0.0,[]
0AUDLJ08S_00690.mp4,아래 팔 스트레칭-1,http://openapi.kspo.or.kr/web/video/0AUDLJ08S_00690.mp4,118,어르신,0.0,0.0,0.0,1.0,0.0,0.0,['매트']
0AUDLJ08S_00691.mp4,엉덩이 스트레칭1,http://openapi.kspo.or.kr/web/video/0AUDLJ08S_00691.mp4,106,어르신,0.0,0.0,0.0,1.0,0.0,0.0,['매트']
0AUDLJ08S_00692.mp4,엉덩이 스트레칭2,http://openapi.kspo.or.kr/web/video/0AUDLJ08S_00692.mp4,149,어르신,0.0,0.0,0.0,1.0,0.0,0.0,['매트']
0AUDLJ08S_00693.mp4,넙다리 앞쪽 스트레칭-1,http://openapi.kspo.or.kr/web/video/0AUDLJ08S_00693.mp4,115,어르신,0.0,0.0,0.0,1.0,0.0,0.0,['매트']
0AUDLJ08S_00694.mp4,넙다리 안쪽 스트레칭-1,http://openapi.kspo.or.kr/web/video/0AUDLJ08S_00694.mp4,116,어르신,0.0,0.0,0.0,1.0,0.0,0.0,[]
0AUDLJ08S_00695.mp4,허리 스트레칭-1,http://openapi.kspo.or.kr/web/video/0AUDLJ08S_00695.mp4,103,어르신,0.0,0.0,0.0,1.0,0.0,0.0,['매트']
0AUDLJ08S_00696.mp4,배 스트레칭-1,http://openapi.kspo.or.kr/web/video/0AUDLJ08S_00696.mp4,118,어르신,0.0,0.0,0.0,1.0,0.0,0.0,['매트']
0AUDLJ08S_00697.mp4,옆구리 스트레칭-1,http://openapi.kspo.or.kr/web/video/0AUDLJ08S_00697.mp4,120,어르신,0.0,0.0,0.0,1.0,0.0,0.0,['매트']
0AUDLJ08S_00698.mp4,양팔 벌려 전신 비틀기,http://openapi.kspo.or.kr/web/video/0AUDLJ08S_00698.mp4,143,어르신,0.0,0.0,0.0,1.0,0.0,0.0,[]
0AUDLJ08S_00699.mp4,목 돌림 스트레칭,http://openapi.kspo.or.kr/web/video/0AUDLJ08S_00699.mp4,147,어르신,0.0,0.0,0.0,1.0,0.0,0.0,[]
0AUDLJ08S_00700.mp4,회전근개 스트레칭,http://openapi.kspo.or.kr/web/video/0AUDLJ08S_00700.mp4,141,어르신,0.0,0.0,0.0,1.0,0.0,0.0,[]
0AUDLJ08S_00701.mp4,어깨 스트레칭,http://openapi.kspo.or.kr/web/video/0AUDLJ08S_00701.mp4,134,어르신,0.0,0.0,0.0,1.0,0.0,0.0,[]
0AUDLJ08S_00702.mp4,어깨 양 옆으로 돌리기,http://openapi.kspo.or.kr/web/video/0AUDLJ08S_00702.mp4,129,어르신,0.0,0.0,0.0,1.0,0.0,0.0,[]
0AUDLJ08S_00703.mp4,골반 스트레칭1,http://openapi.kspo.or.kr/web/video/0AUDLJ08S_00703.mp4,127,어르신,0.0,0.0,0.0,1.0,0.0,0.0,['매트']
0AUDLJ08S_00704.mp4,골반 스트레칭2,http://openapi.kspo.or.kr/web/video/0AUDLJ08S_00704.mp4,137,어르신,0.0,0.0,0.0,1.0,0.0,0.0,['매트']
0AUDLJ08S_00705.mp4,몸통 앞으로 굽혀 걷기,http://openapi.kspo.or.kr/web/video/0AUDLJ08S_00705.mp4,129,어르신,0.0,0.0,0.0,1.0,0.0,0.0,[]
0AUDLJ08S_00706.mp4,전신 틀어 손뼉 마주치기,http://openapi.kspo.or.kr/web/video/0AUDLJ08S_00706.mp4,122,어르신,0.0,0.0,0.0,1.0,0.0,0.0,[]
0AUDLJ08S_00707.mp4,몸통 비틀기,http://openapi.kspo.or.kr/web/video/0AUDLJ08S_00707.mp4,140,어르신,0.0,0.0,0.0,1.0,0.0,0.0,[]
0AUDLJ08S_00708.mp4,가슴/어깨 스트레칭,http://openapi.kspo.or.kr/web/video/0AUDLJ08S_00708.mp4,145,어르신,0.0,0.0,0.0,1.0,0.0,0.0,['매트']
0AUDLJ08S_00709.mp4,회전근개 스트레칭1,http://openapi.kspo.or.kr/web/video/0AUDLJ08S_00709.mp4,130,어르신,0.0,0.0,0.0,1.0,0.0,0.0,[]
0AUDLJ08S_00710.mp4,회전근개 스트레칭2,http://openapi.kspo.or.kr/web/video/0AUDLJ08S_00710.mp4,128,어르신,0.0,0.0,0.0,1.0,0.0,0.0,['매트']
0AUDLJ08S_00711.mp4,어깨 스트레칭-1,http://openapi.kspo.or.kr/web/video/0AUDLJ08S_00711.mp4,112,어르신,0.0,0.0,0.0,1.0,0.0,0.0,['매트']
0AUDLJ08S_00712.mp4,몸통 비틀기-1,http://openapi.kspo.or.kr/web/video/0AUDLJ08S_00712.mp4,115,어르신,0.0,0.0,0.0,1.0,0.0,0.0,['매트']
0AUDLJ08S_00713.mp4,등 대고 대퇴이두근 스트레칭,http://openapi.kspo.or.kr/web/video/0AUDLJ08S_00713.mp4,128,어르신,0.0,0.0,0.0,1.0,0.0,0.0,['매트']
0AUDLJ08S_00714.mp4,마주 앉아 대퇴이두근 스트레칭1,http://openapi.kspo.or.kr/web/video/0AUDLJ08S_00714.mp4,126,어르신,0.0,0.0,0.0,1.0,0.0,0.0,['매트']
0AUDLJ08S_00715.mp4,마주 앉아 대퇴이두근 스트레칭2,http://openapi.kspo.or.kr/web/video/0AUDLJ08S_00715.mp4,132,어르신,0.0,0.0,0.0,1.0,0.0,0.0,['매트']
0AUDLJ08S_00716.mp4,고관절 스트레칭,http://openapi.kspo.or.kr/web/video/0AUDLJ08S_00716.mp4,120,어르신,0.0,0.0,0.0,1.0,0.0,0.0,['매트']
0AUDLJ08S_00717.mp4,대퇴이두근 스트레칭1,http://openapi.kspo.or.kr/web/video/0AUDLJ08S_00717.mp4,132,어르신,0.0,0.0,0.0,1.0,0.0,0.0,['매트']
0AUDLJ08S_00718.mp4,대퇴이두근 스트레칭2,http://openapi.kspo.or.kr/web/video/0AUDLJ08S_00718.mp4,98,어르신,0.0,0.0,0.0,1.0,0.0,0.0,['매트']
0AUDLJ08S_00719.mp4,엉덩이 스트레칭1-1,http://openapi.kspo.or.kr/web/video/0AUDLJ08S_00719.mp4,107,어르신,0.0,0.0,0.0,1.0,0.0,0.0,['매트']
0AUDLJ08S_00720.mp4,대퇴사두근 스트레칭,http://openapi.kspo.or.kr/web/video/0AUDLJ08S_00720.mp4,102,어르신,0.0,0.0,0.0,1.0,0.0,0.0,['매트']
0AUDLJ08S_00721.mp4,엉덩이 스트레칭2-2,http://openapi.kspo.or.kr/web/video/0AUDLJ08S_00721.mp4,124,어르신,0.0,0.0,0.0,1.0,0.0,0.0,['매트']
0AUDLJ08S_00722.mp4,종아리 스트레칭,http://openapi.kspo.or.kr/web/video/0AUDLJ08S_00722.mp4,116,어르신,0.0,0.0,0.0,1.0,0.0,0.0,['매트']
0AUDLJ08S_00723.mp4,몸통 비틀기-2,http://openapi.kspo.or.kr/web/video/0AUDLJ08S_00723.mp4,134,공통,0.0,0.0,0.0,1.0,0.0,0.0,['의자']
0AUDLJ08S_00724.mp4,목 스트레칭-2,http://openapi.kspo.or.kr/web/video/0AUDLJ08S_00724.mp4,108,공통,0.0,0.0,0.0,1.0,0.0,0.0,['의자']
0AUDLJ08S_00725.mp4,가슴 스트레칭,http://openapi.kspo.or.kr/web/video/0AUDLJ08S_00725.mp4,128,공통,0.0,0.0,0.0,1.0,0.0,0.0,['의자']
0AUDLJ08S_00726.mp4,팔꿈치 맞닿아 원그리기,http://openapi.kspo.or.kr/web/video/0AUDLJ08S_00726.mp4,109,공통,0.0,0.0,0.0,1.0,0.0,0.0,['의자']
0AUDLJ08S_00727.mp4,등/어깨 뒤쪽 스트레칭,http://openapi.kspo.or.kr/web/video/0AUDLJ08S_00727.mp4,91,공통,0.0,0.0,0.0,1.0,0.0,0.0,['의자']
0AUDLJ08S_00728.mp4,옆구리 스트레칭-2,http://openapi.kspo.or.kr/web/video/0AUDLJ08S_00728.mp4,131,공통,0.0,0.0,0.0,1.0,0.0,0.0,['의자']
0AUDLJ08S_00729.mp4,몸 앞으로 굽히기,http://openapi.kspo.or.kr/web/video/0AUDLJ08S_00729.mp4,116,공통,0.0,0.0,0.0,1.0,0.0,0.0,['의자']
0AUDLJ08S_00730.mp4,내전근 스트레칭,http://openapi.kspo.or.kr/web/video/0AUDLJ08S_00730.mp4,102,공통,0.0,0.0,0.0,1.0,0.0,0.0,['의자']
0AUDLJ08S_00731.mp4,엉덩이 스트레칭-1,http://openapi.kspo.or.kr/web/video/0AUDLJ08S_00731.mp4,103,공통,0.0,0.0,0.0,1.0,0.0,0.0,['의자']
0AUDLJ08S_00732.mp4,대퇴사두근 스트레칭-1,http://openapi.kspo.or.kr/web/video/0AUDLJ08S_00732.mp4,109,공통,0.0,0.0,0.0,1.0,0.0,0.0,['의자']
0AUDLJ08S_00733.mp4,발가락 폄근 스트레칭,http://openapi.kspo.or.kr/web/video/0AUDLJ08S_00733.mp4,108,공통,0.0,0.0,0.0,1.0,0.0,0.0,['의자']
0AUDLJ08S_00734.mp4,비복근 스트레칭,http://openapi.kspo.or.kr/web/video/0AUDLJ08S_00734.mp4,101,어르신,0.0,0.0,0.0,1.0,0.0,0.0,['의자']
0AUDLJ08S_00735.mp4,짐볼 앞으로 밀기,http://openapi.kspo.or.kr/web/video/0AUDLJ08S_00735.mp4,107,어르신,0.0,0.0,0.0,1.0,0.0,0.0,['짐볼']
0AUDLJ08S_00736.mp4,짐볼 양옆으로 굴리기,http://openapi.kspo.or.kr/web/video/0AUDLJ08S_00736.mp4,115,어르신,0.0,0.0,0.0,1.0,0.0,0.0,['짐볼']
0AUDLJ08S_00737.mp4,짐볼 옆에 두고 어깨 누르기,http://openapi.kspo.or.kr/web/video/0AUDLJ08S_00737.mp4,109,어르신,0.0,0.0,0.0,1.0,0.0,0.0,['짐볼']
0AUDLJ08S_00738.mp4,짐볼 양팔로 밀기,http://openapi.kspo.or.kr/web/video/0AUDLJ08S_00738.mp4,121,어르신,0.0,0.0,0.0,1.0,0.0,0.0,['짐볼']
0AUDLJ08S_00739.mp4,무릎 아래에서 양옆으로 굴리기,http://openapi.kspo.or.kr/web/video/0AUDLJ08S_00739.mp4,123,어르신,0.0,0.0,0.0,1.0,0.0,0.0,['짐볼']
0AUDLJ08S_00740.mp4,복부 스트레칭,http://openapi.kspo.or.kr/web/video/0AUDLJ08S_00740.mp4,119,어르신,0.0,0.0,0.0,1.0,0.0,0.0,['짐볼']
0AUDLJ08S_00741.mp4,등 스트레칭,http://openapi.kspo.or.kr/web/video/0AUDLJ08S_00741.mp4,111,어르신,0.0,0.0,0.0,1.0,0.0,0.0,['짐볼']
0AUDLJ08S_00742.mp4,엉덩이 스트레칭-2,http://openapi.kspo.or.kr/web/video/0AUDLJ08S_00742.mp4,123,어르신,0.0,0.0,0.0,1.0,0.0,0.0,['짐볼']
0AUDLJ08S_00743.mp4,골반 스트레칭1-1,http://openapi.kspo.or.kr/web/video/0AUDLJ08S_00743.mp4,131,어르신,0.0,0.0,0.0,1.0,0.0,0.0,['짐볼']
0AUDLJ08S_00744.mp4,골반 스트레칭2-1,http://openapi.kspo.or.kr/web/video/0AUDLJ08S_00744.mp4,105,어르신,0.0,0.0,0.0,1.0,0.0,0.0,['짐볼']
0AUDLJ08S_00745.mp4,척추 스트레칭,http://openapi.kspo.or.kr/web/video/0AUDLJ08S_00745.mp4,120,어르신,0.0,0.0,0.0,1.0,0.0,0.0,['폼롤러']
0AUDLJ08S_00746.mp4,어깨 올리기,http://openapi.kspo.or.kr/web/video/0AUDLJ08S_00746.mp4,119,어르신,0.0,0.0,0.0,1.0,0.0,0.0,['폼롤러']
0AUDLJ08S_00747.mp4,어깨 스트레칭-2,http://openapi.kspo.or.kr/web/video/0AUDLJ08S_00747.mp4,118,어르신,0.0,0.0,0.0,1.0,0.0,0.0,['폼롤러']
0AUDLJ08S_00748.mp4,팔 교대로 올리기,http://openapi.kspo.or.kr/web/video/0AUDLJ08S_00748.mp4,106,어르신,0.0,0.0,0.0,1.0,0.0,0.0,['폼롤러']
0AUDLJ08S_00749.mp4,옆으로 누워 가슴 열기,http://openapi.kspo.or.kr/web/video/0AUDLJ08S_00749.mp4,125,어르신,0.0,0.0,0.0,1.0,0.0,0.0,['매트']
0AUDLJ08S_00750.mp4,가슴 스트레칭-1,http://openapi.kspo.or.kr/web/video/0AUDLJ08S_00750.mp4,108,어르신,0.0,0.0,0.0,1.0,0.0,0.0,['폼롤러']
0AUDLJ08S_00751.mp4,옆으로 누워 폼롤러 굴려주기,http://openapi.kspo.or.kr/web/video/0AUDLJ08S_00751.mp4,116,어르신,0.0,0.0,0.0,1.0,0.0,0.0,['폼롤러']
0AUDLJ08S_00752.mp4,폼롤러 앞으로 굴리기,http://openapi.kspo.or.kr/web/video/0AUDLJ08S_00752.mp4,103,어르신,0.0,0.0,0.0,1.0,0.0,0.0,['폼롤러']
0AUDLJ08S_00753.mp4,폼롤러 밀며 몸 앞으로 숙이기,http://openapi.kspo.or.kr/web/video/0AUDLJ08S_00753.mp4,154,어르신,0.0,0.0,0.0,1.0,0.0,0.0,['폼롤러']
0AUDLJ08S_00778.mp4,고혈압 예방을 위한 근력운동,http://openapi.kspo.or.kr/web/video/0AUDLJ08S_00778.mp4,125,어르신,1.0,0.0,0.0,0.0,0.0,0.0,['헬스기구']
0AUDLJ08S_00779.mp4,고혈압 예방을 위한 심폐지구력운동,http://openapi.kspo.or.kr/web/video/0AUDLJ08S_00779.mp4,65,어르신,0.0,0.0,1.0,0.0,0.0,0.0,['헬스기구']
0AUDLJ08S_00780.mp4,요통 예방을 위한 스트레칭1,http://openapi.kspo.or.kr/web/video/0AUDLJ08S_00780.mp4,99,어르신,0.0,0.0,0.0,1.0,0.0,0.0,['매트']
0AUDLJ08S_00781.mp4,요통 예방을 위한 스트레칭2,http://openapi.kspo.or.kr/web/video/0AUDLJ08S_00781.mp4,128,어르신,0.0,0.0,0.0,1.0,0.0,0.0,['짐볼']
0AUDLJ08S_00782.mp4,요통 예방을 위한 근력운동,http://openapi.kspo.or.kr/web/video/0AUDLJ08S_00782.mp4,71,어르신,1.0,0.0,0.0,0.0,0.0,0.0,"['밴드', '의자', '짐볼']"
0AUDLJ08S_00783.mp4,골다공증 예방을 위한 스트레칭,http://openapi.kspo.or.kr/web/video/0AUDLJ08S_00783.mp4,74,어르신,0.0,0.0,0.0,1.0,0.0,0.0,['매트']
0AUDLJ08S_00784.mp4,골다공증 예방을 위한 근력운동1,http://openapi.kspo.or.kr/web/video/0AUDLJ08S_00784.mp4,106,어르신,1.0,0.0,0.0,0.0,0.0,0.0,"['덤벨', '헬스기구']"
0AUDLJ08S_00785.mp4,골다공증 예방을 위한 근력운동2,http://openapi.kspo.or.kr/web/video/0AUDLJ08S_00785.mp4,86,어르신,1.0,0.0,0.0,0.0,0.0,0.0,"['물병', '밴드', '짐볼']"
0AUDLJ08S_00786.mp4,골다공증 예방을 위한 심폐지구력운동,http://openapi.kspo.or.kr/web/video/0AUDLJ08S_00786.mp4,84,어르신,0.0,0.0,1.0,0.0,0.0,0.0,['스텝박스']
0AUDLJ08S_00787.mp4,관절염 예방을 위한 스트레칭,http://openapi.kspo.or.kr/web/video/0AUDLJ08S_00787.mp4,71,어르신,0.0,0.0,0.0,1.0,0.0,0.0,['매트']
0AUDLJ08S_00788.mp4,관절염 예방을 위한 근력운동1,http://openapi.kspo.or.kr/web/video/0AUDLJ08S_00788.mp4,77,어르신,1.0,0.0,0.0,0.0,0.0,0.0,"['물병', '밴드', '봉']"
0AUDLJ08S_00789.mp4,관절염 예방을 위한 근력운동2,http://openapi.kspo.or.kr/web/video/0AUDLJ08S_00789.mp4,130,어르신,1.0,0.0,0.0,0.0,0.0,0.0,"['덤벨', '헬스기구']"
0AUDLJ08S_00790.mp4,관절염 예방을 위한 심폐지구력운동,http://openapi.kspo.or.kr/web/video/0AUDLJ08S_00790.mp4,83,어르신,0.0,0.0,1.0,0.0,0.0,0.0,['자전거']
0AUDLJ08S_00791.mp4,우울증 예방을 위한 스트레칭,http://openapi.kspo.or.kr/web/video/0AUDLJ08S_00791.mp4,132,어르신,0.0,0.0,0.0,1.0,0.0,0.0,['매트']
0AUDLJ08S_00792.mp4,우울증 예방을 위한 근력운동,http://openapi.kspo.or.kr/web/video/0AUDLJ08S_00792.mp4,76,어르신,1.0,0.0,0.0,0.0,0.0,0.0,"['공', '작은공', '짐볼']"
0AUDLJ08S_00793.mp4,우울증 예방을 위한 심폐지구력운동,http://openapi.kspo.or.kr/web/video/0AUDLJ08S_00793.mp4,350,어르신,0.0,0.0,1.0,0.0,0.0,0.0,['아쿠아봉']
0AUDLJ08S_00795.mp4,치매 예방을 위한 스트레칭,http://openapi.kspo.or.kr/web/video/0AUDLJ08S_00795.mp4,123,어르신,0.0,0.0,0.0,1.0,0.0,0.0,['의자']
0AUDLJ08S_00796.mp4,치매 예방을 위한 근력운동,http://openapi.kspo.or.kr/web/video/0AUDLJ08S_00796.mp4,103,어르신,1.0,0.0,0.0,0.0,0.0,0.0,"['매트', '물병', '밴드']"
0AUDLJ08S_00802.mp4,폼롤러 이용 유연성운동 루틴 프로그램,http://openapi.kspo.or.kr/web/video/0AUDLJ08S_00802.mp4,150,어르신,0.0,0.0,0.0,1.0,0.0,0.0,['폼롤러']
0AUDLJ08S_00803.mp4,의자 이용 유연성 운동 루틴 프로그램,http://openapi.kspo.or.kr/web/video/0AUDLJ08S_00803.mp4,107,어르신,0.0,0.0,0.0,1.0,0.0,0.0,['의자']
0AUDLJ08S_00804.mp4,짐볼 이용 근력운동 루틴 프로그램,http://openapi.kspo.or.kr/web/video/0AUDLJ08S_00804.mp4,98,어르신,1.0,0.0,0.0,0.0,0.0,0.0,"['공', '짐볼']"
0AUDLJ08S_00805.mp4,의자 이용 근력운동 루팀 프로그램,http://openapi.kspo.or.kr/web/video/0AUDLJ08S_00805.mp4,84,어르신,1.0,0.0,0.0,0.0,0.0,0.0,"['공', '의자']"
0AUDLJ08S_00806.mp4,머신 이용 근력운동 루틴 프로그램,http://openapi.kspo.or.kr/web/video/0AUDLJ08S_00806.mp4,141,어르신,1.0,0.0,0.0,0.0,0.0,0.0,['헬스기구']
0AUDLJ08S_00807.mp4,아쿠아로빅 심폐지구력운동 루틴 프로그램,http://openapi.kspo.or.kr/web/video/0AUDLJ08S_00807.mp4,120,어르신,0.0,0.0,1.0,0.0,0.0,0.0,['아쿠아봉']
0AUDLJ08S_00808.mp4,빠른 발 뛰기,http://openapi.kspo.or.kr/web/video/0AUDLJ08S_00808.mp4,67,청소년,0.0,0.0,0.0,0.0,1.0,0.0,['사다리']
0AUDLJ08S_00809.mp4,엇박자 뛰기,http://openapi.kspo.or.kr/web/video/0AUDLJ08S_00809.mp4,74,청소년,0.0,0.0,0.0,0.0,1.0,0.0,['사다리']
0AUDLJ08S_00810.mp4,양발 모아 좌우 뛰기,http://openapi.kspo.or.kr/web/video/0AUDLJ08S_00810.mp4,58,청소년,0.0,0.0,0.0,0.0,1.0,0.0,['사다리']
0AUDLJ08S_00811.mp4,한발 연속 뛰기,http://openapi.kspo.or.kr/web/video/0AUDLJ08S_00811.mp4,59,청소년,0.0,0.0,0.0,0.0,1.0,0.0,['사다리']
0AUDLJ08S_00812.mp4,양발 모았다 벌려뛰기,http://openapi.kspo.or.kr/web/video/0AUDLJ08S_00812.mp4,60,청소년,0.0,0.0,0.0,0.0,1.0,0.0,['사다리']
0AUDLJ08S_00813.mp4,빠른 발 안팎 뛰기,http://openapi.kspo.or.kr/web/video/0AUDLJ08S_00813.mp4,73,청소년,0.0,0.0,0.0,0.0,1.0,0.0,['사다리']
0AUDLJ08S_00814.mp4,한발 앞뒤 교차 뛰기,http://openapi.kspo.or.kr/web/video/0AUDLJ08S_00814.mp4,72,청소년,0.0,0.0,0.0,0.0,1.0,0.0,['사다리']
0AUDLJ08S_00815.mp4,양발 교차 뛰기,http://openapi.kspo.or.kr/web/video/0AUDLJ08S_00815.mp4,55,청소년,0.0,0.0,0.0,0.0,1.0,0.0,['사다리']
0AUDLJ08S_00816.mp4,크게 다리벌려 교차 뛰기,http://openapi.kspo.or.kr/web/video/0AUDLJ08S_00816.mp4,71,청소년,0.0,0.0,0.0,0.0,1.0,0.0,['사다리']
0AUDLJ08S_00817.mp4,뒷발 교차 뛰기,http://openapi.kspo.or.kr/web/video/0AUDLJ08S_00817.mp4,63,청소년,0.0,0.0,0.0,0.0,1.0,0.0,['사다리']
0AUDLJ08S_00818.mp4,양발 연속 뛰기,http://openapi.kspo.or.kr/web/video/0AUDLJ08S_00818.mp4,60,청소년,0.0,0.0,0.0,0.0,1.0,0.0,['콘']
0AUDLJ08S_00819.mp4,사이드 스텝,http://openapi.kspo.or.kr/web/video/0AUDLJ08S_00819.mp4,53,청소년,0.0,0.0,0.0,0.0,1.0,0.0,['하프콘']
0AUDLJ08S_00820.mp4,W 스텝,http://openapi.kspo.or.kr/web/video/0AUDLJ08S_00820.mp4,74,청소년,0.0,0.0,0.0,0.0,1.0,0.0,['콘']
0AUDLJ08S_00821.mp4,앞뒤 지그재그 뛰기,http://openapi.kspo.or.kr/web/video/0AUDLJ08S_00821.mp4,51,청소년,0.0,0.0,0.0,0.0,1.0,0.0,['라바콘']
0AUDLJ08S_00822.mp4,무릎 들어 연속 뛰기,http://openapi.kspo.or.kr/web/video/0AUDLJ08S_00822.mp4,49,청소년,0.0,0.0,0.0,0.0,1.0,0.0,['하프콘']
0AUDLJ08S_00823.mp4,한발 연속 뛰기-1,http://openapi.kspo.or.kr/web/video/0AUDLJ08S_00823.mp4,52,청소년,0.0,0.0,0.0,0.0,1.0,0.0,[]
0AUDLJ08S_00824.mp4,전후 교차 뛰기,http://openapi.kspo.or.kr/web/video/0AUDLJ08S_00824.mp4,67,청소년,0.0,0.0,0.0,0.0,1.0,0.0,['콘']
0AUDLJ08S_00825.mp4,사이드 지그재그 뛰기,http://openapi.kspo.or.kr/web/video/0AUDLJ08S_00825.mp4,54,청소년,0.0,0.0,0.0,0.0,1.0,0.0,['라바콘']
0AUDLJ08S_00826.mp4,순간반응 콘 찍기,http://openapi.kspo.or.kr/web/video/0AUDLJ08S_00826.mp4,73,청소년,0.0,0.0,0.0,0.0,1.0,0.0,['라바콘']
0AUDLJ08S_00827.mp4,순간반응 콘 찍기2,http://openapi.kspo.or.kr/web/video/0AUDLJ08S_00827.mp4,78,청소년,0.0,0.0,0.0,0.0,1.0,0.0,['라바콘']
0AUDLJ08S_00828.mp4,뒤꿈치 높이들어 뛰기,http://openapi.kspo.or.kr/web/video/0AUDLJ08S_00828.mp4,58,청소년,0.0,0.0,0.0,0.0,0.0,1.0,[]
0AUDLJ08S_00829.mp4,무릎 높이들어 뛰기,http://openapi.kspo.or.kr/web/video/0AUDLJ08S_00829.mp4,56,청소년,0.0,0.0,0.0,0.0,0.0,1.0,[]
0AUDLJ08S_00830.mp4,점프하며 뛰기,http://openapi.kspo.or.kr/web/video/0AUDLJ08S_00830.mp4,44,청소년,0.0,0.0,0.0,0.0,0.0,1.0,[]
0AUDLJ08S_00831.mp4,빠르게 무릎들어 뛰기,http://openapi.kspo.or.kr/web/video/0AUDLJ08S_00831.mp4,54,청소년,0.0,0.0,0.0,0.0,0.0,1.0,[]
0AUDLJ08S_00832.mp4,팔 벌려 뛰기-1,http://openapi.kspo.or.kr/web/video/0AUDLJ08S_00832.mp4,61,청소년,0.0,0.0,0.0,0.0,0.0,1.0,[]
0AUDLJ08S_00833.mp4,뛰어 밀기,http://openapi.kspo.or.kr/web/video/0AUDLJ08S_00833.mp4,70,청소년,0.0,0.0,0.0,0.0,0.0,1.0,[]
0AUDLJ08S_00834.mp4,제자리 멀리 뛰기-1,http://openapi.kspo.or.kr/web/video/0AUDLJ08S_00834.mp4,57,청소년,0.0,0.0,0.0,0.0,0.0,1.0,[]
0AUDLJ08S_00835.mp4,앞굽이 뛰기,http://openapi.kspo.or.kr/web/video/0AUDLJ08S_00835.mp4,73,청소년,0.0,0.0,0.0,0.0,0.0,1.0,[]
0AUDLJ08S_00836.mp4,앉았다 일어나며 점프하기,http://openapi.kspo.or.kr/web/video/0AUDLJ08S_00836.mp4,78,청소년,0.0,0.0,0.0,0.0,0.0,1.0,[]
0AUDLJ08S_00837.mp4,양팔 벌려 높이 뛰기,http://openapi.kspo.or.kr/web/video/0AUDLJ08S_00837.mp4,60,청소년,0.0,0.0,0.0,0.0,0.0,1.0,[]
0AUDLJ08S_00838.mp4,앞차기하며 뛰기,http://openapi.kspo.or.kr/web/video/0AUDLJ08S_00838.mp4,50,청소년,0.0,0.0,0.0,0.0,0.0,1.0,[]
0AUDLJ08S_00839.mp4,사이드 한발 뛰기,http://openapi.kspo.or.kr/web/video/0AUDLJ08S_00839.mp4,61,청소년,0.0,0.0,0.0,0.0,0.0,1.0,[]
0AUDLJ08S_00840.mp4,다리 뻗어 점프하기,http://openapi.kspo.or.kr/web/video/0AUDLJ08S_00840.mp4,61,청소년,0.0,0.0,0.0,0.0,0.0,1.0,[]
0AUDLJ08S_00841.mp4,양발 점프 착지하기,http://openapi.kspo.or.kr/web/video/0AUDLJ08S_00841.mp4,66,청소년,0.0,0.0,0.0,0.0,0.0,1.0,"['계단', '박스']"
0AUDLJ08S_00842.mp4,점프 후 버티기,http://openapi.kspo.or.kr/web/video/0AUDLJ08S_00842.mp4,53,청소년,0.0,0.0,0.0,0.0,0.0,1.0,['박스']
0AUDLJ08S_00843.mp4,사이드 스텝 점프하기,http://openapi.kspo.or.kr/web/video/0AUDLJ08S_00843.mp4,60,청소년,0.0,0.0,0.0,0.0,0.0,1.0,['박스']
0AUDLJ08S_00844.mp4,빠르게 앞무릎 올리기,http://openapi.kspo.or.kr/web/video/0AUDLJ08S_00844.mp4,56,청소년,0.0,0.0,0.0,0.0,0.0,1.0,['박스']
0AUDLJ08S_00845.mp4,연속 하향 점프하기,http://openapi.kspo.or.kr/web/video/0AUDLJ08S_00845.mp4,101,청소년,0.0,0.0,0.0,0.0,0.0,1.0,['박스']
0AUDLJ08S_00846.mp4,좌우 양발모아 점프하기,http://openapi.kspo.or.kr/web/video/0AUDLJ08S_00846.mp4,71,청소년,0.0,0.0,0.0,0.0,0.0,1.0,['박스']
0AUDLJ08S_00847.mp4,한발로 점프하기,http://openapi.kspo.or.kr/web/video/0AUDLJ08S_00847.mp4,75,청소년,0.0,0.0,0.0,0.0,0.0,1.0,['스텝박스']
0AUDLJ08S_00848.mp4,연속 상향 점프하기,http://openapi.kspo.or.kr/web/video/0AUDLJ08S_00848.mp4,111,청소년,0.0,0.0,0.0,0.0,0.0,1.0,['박스']
0AUDLJ08S_00849.mp4,좌우 이동하며 팔굽혀펴기,http://openapi.kspo.or.kr/web/video/0AUDLJ08S_00849.mp4,72,청소년,0.0,0.0,0.0,0.0,0.0,1.0,['박스']
0AUDLJ08S_00850.mp4,팔굽혀펴기 후 점프하기,http://openapi.kspo.or.kr/web/video/0AUDLJ08S_00850.mp4,79,청소년,0.0,0.0,0.0,0.0,0.0,1.0,['박스']
0AUDLJ08S_00851.mp4,걷기-1,http://openapi.kspo.or.kr/web/video/0AUDLJ08S_00851.mp4,59,공통,0.0,0.0,1.0,0.0,0.0,0.0,[]
0AUDLJ08S_00852.mp4,조깅,http://openapi.kspo.or.kr/web/video/0AUDLJ08S_00852.mp4,52,공통,0.0,0.0,1.0,0.0,0.0,0.0,[]
0AUDLJ08S_00853.mp4,자전거 타기,http://openapi.kspo.or.kr/web/video/0AUDLJ08S_00853.mp4,60,공통,0.0,0.0,1.0,0.0,0.0,0.0,['자전거']
0AUDLJ08S_00854.mp4,줄넘기-1,http://openapi.kspo.or.kr/web/video/0AUDLJ08S_00854.mp4,88,공통,0.0,0.0,1.0,0.0,0.0,0.0,['줄넘기']
0AUDLJ08S_00855.mp4,수영-2,http://openapi.kspo.or.kr/web/video/0AUDLJ08S_00855.mp4,49,공통,0.0,0.0,1.0,0.0,0.0,0.0,[]
0AUDLJ08S_00873.mp4,팔굽혀펴기-3,http://openapi.kspo.or.kr/web/video/0AUDLJ08S_00873.mp4,113,청소년,0.5,0.5,0.0,0.0,0.0,0.0,['매트']
0AUDLJ08S_00874.mp4,뒤로 팔굽혀펴기-1,http://openapi.kspo.or.kr/web/video/0AUDLJ08S_00874.mp4,117,청소년,0.5,0.5,0.0,0.0,0.0,0.0,['박스']
0AUDLJ08S_00875.mp4,바로서서 상체 숙이기,http://openapi.kspo.or.kr/web/video/0AUDLJ08S_00875.mp4,93,청소년,0.5,0.5,0.0,0.0,0.0,0.0,[]
0AUDLJ08S_00876.mp4,누워 다리 들어올리기,http://openapi.kspo.or.kr/web/video/0AUDLJ08S_00876.mp4,99,청소년,0.5,0.5,0.0,0.0,0.0,0.0,['매트']
0AUDLJ08S_00877.mp4,의자에 앉아 물병 들고 몸통 돌리기,http://openapi.kspo.or.kr/web/video/0AUDLJ08S_00877.mp4,93,청소년,0.5,0.5,0.0,0.0,0.0,0.0,['물병']
0AUDLJ08S_00878.mp4,V자 싸이클,http://openapi.kspo.or.kr/web/video/0AUDLJ08S_00878.mp4,74,청소년,0.5,0.5,0.0,0.0,0.0,0.0,['매트']
0AUDLJ08S_00879.mp4,전완대고 버티기,http://openapi.kspo.or.kr/web/video/0AUDLJ08S_00879.mp4,133,청소년,0.5,0.5,0.0,0.0,0.0,0.0,['매트']
0AUDLJ08S_00880.mp4,윗몸일으키기,http://openapi.kspo.or.kr/web/video/0AUDLJ08S_00880.mp4,131,청소년,0.5,0.5,0.0,0.0,0.0,0.0,['매트']
0AUDLJ08S_00881.mp4,손 뻗어 윗몸 일으키기,http://openapi.kspo.or.kr/web/video/0AUDLJ08S_00881.mp4,106,청소년,0.5,0.5,0.0,0.0,0.0,0.0,['매트']
0AUDLJ08S_00882.mp4,누워 무릎 기울기,http://openapi.kspo.or.kr/web/video/0AUDLJ08S_00882.mp4,98,청소년,0.5,0.5,0.0,0.0,0.0,0.0,['매트']
0AUDLJ08S_00883.mp4,다리 뻗어 올리기,http://openapi.kspo.or.kr/web/video/0AUDLJ08S_00883.mp4,84,청소년,0.5,0.5,0.0,0.0,0.0,0.0,['박스']
0AUDLJ08S_00884.mp4,앉았다 일어서기-3,http://openapi.kspo.or.kr/web/video/0AUDLJ08S_00884.mp4,112,청소년,0.5,0.5,0.0,0.0,0.0,0.0,['의자']
0AUDLJ08S_00885.mp4,앞굽이 앉았다 일어서기,http://openapi.kspo.or.kr/web/video/0AUDLJ08S_00885.mp4,94,청소년,0.5,0.5,0.0,0.0,0.0,0.0,['의자']
0AUDLJ08S_00886.mp4,연속 사이드 스쿼트,http://openapi.kspo.or.kr/web/video/0AUDLJ08S_00886.mp4,92,청소년,0.5,0.5,0.0,0.0,0.0,0.0,[]
0AUDLJ08S_00887.mp4,엎드려 팔다리 교차올리기,http://openapi.kspo.or.kr/web/video/0AUDLJ08S_00887.mp4,82,청소년,0.5,0.5,0.0,0.0,0.0,0.0,['매트']
0AUDLJ08S_00888.mp4,팔다리 교차 버티기,http://openapi.kspo.or.kr/web/video/0AUDLJ08S_00888.mp4,88,청소년,0.5,0.5,0.0,0.0,0.0,0.0,['매트']
0AUDLJ08S_00889.mp4,몸통 들어올리기-3,http://openapi.kspo.or.kr/web/video/0AUDLJ08S_00889.mp4,122,청소년,0.5,0.5,0.0,0.0,0.0,0.0,['매트']
0AUDLJ08S_00890.mp4,발 바꿔 뛰기,http://openapi.kspo.or.kr/web/video/0AUDLJ08S_00890.mp4,104,청소년,0.5,0.5,0.0,0.0,0.0,0.0,[]
0AUDLJ08S_00891.mp4,버피 테스트,http://openapi.kspo.or.kr/web/video/0AUDLJ08S_00891.mp4,78,청소년,0.5,0.5,0.0,0.0,0.0,0.0,[]
0AUDLJ08S_00892.mp4,크런치 싸이클,http://openapi.kspo.or.kr/web/video/0AUDLJ08S_00892.mp4,95,청소년,0.5,0.5,0.0,0.0,0.0,0.0,['매트']
0AUDLJ08S_00893.mp4,누워서 팔 밀기,http://openapi.kspo.or.kr/web/video/0AUDLJ08S_00893.mp4,109,청소년,0.5,0.5,0.0,0.0,0.0,0.0,['헬스기구']
0AUDLJ08S_00894.mp4,앉아서 가슴 모으기,http://openapi.kspo.or.kr/web/video/0AUDLJ08S_00894.mp4,116,청소년,0.5,0.5,0.0,0.0,0.0,0.0,['헬스기구']
0AUDLJ08S_00895.mp4,앉아서 양팔 당기기,http://openapi.kspo.or.kr/web/video/0AUDLJ08S_00895.mp4,94,청소년,0.5,0.5,0.0,0.0,0.0,0.0,['헬스기구']
0AUDLJ08S_00896.mp4,앉아서 당겨 내리기-2,http://openapi.kspo.or.kr/web/video/0AUDLJ08S_00896.mp4,99,청소년,0.5,0.5,0.0,0.0,0.0,0.0,['헬스기구']
0AUDLJ08S_00897.mp4,다리 넓게 벌려 앉았다 일어서기,http://openapi.kspo.or.kr/web/video/0AUDLJ08S_00897.mp4,97,청소년,0.5,0.5,0.0,0.0,0.0,0.0,[]
0AUDLJ08S_00898.mp4,누워서 다리 굽히기,http://openapi.kspo.or.kr/web/video/0AUDLJ08S_00898.mp4,106,청소년,0.5,0.5,0.0,0.0,0.0,0.0,['헬스기구']
0AUDLJ08S_00899.mp4,앉아서 다리 펴기-2,http://openapi.kspo.or.kr/web/video/0AUDLJ08S_00899.mp4,98,청소년,0.5,0.5,0.0,0.0,0.0,0.0,['헬스기구']
0AUDLJ08S_00900.mp4,몸통 옆으로 굽히기-1,http://openapi.kspo.or.kr/web/video/0AUDLJ08S_00900.mp4,101,청소년,0.5,0.5,0.0,0.0,0.0,0.0,['덤벨']
0AUDLJ08S_00901.mp4,앉아서 몸통 움츠리기-2,http://openapi.kspo.or.kr/web/video/0AUDLJ08S_00901.mp4,93,청소년,0.5,0.5,0.0,0.0,0.0,0.0,['헬스기구']
0AUDLJ08S_00902.mp4,앉았다 일어서기-4,http://openapi.kspo.or.kr/web/video/0AUDLJ08S_00902.mp4,116,청소년,0.5,0.5,0.0,0.0,0.0,0.0,['바벨']
0AUDLJ08S_00903.mp4,팔꿈치 고정 후 벌리기,http://openapi.kspo.or.kr/web/video/0AUDLJ08S_00903.mp4,79,청소년,0.5,0.5,0.0,0.0,0.0,0.0,['밴드']
0AUDLJ08S_00904.mp4,양팔 크게 벌리기,http://openapi.kspo.or.kr/web/video/0AUDLJ08S_00904.mp4,90,청소년,0.5,0.5,0.0,0.0,0.0,0.0,['밴드']
0AUDLJ08S_00905.mp4,뒤로 팔 뻗기,http://openapi.kspo.or.kr/web/video/0AUDLJ08S_00905.mp4,109,청소년,0.5,0.5,0.0,0.0,0.0,0.0,['밴드']
0AUDLJ08S_00906.mp4,앉아서 다리 올리기,http://openapi.kspo.or.kr/web/video/0AUDLJ08S_00906.mp4,96,청소년,0.5,0.5,0.0,0.0,0.0,0.0,['밴드']
0AUDLJ08S_00907.mp4,앉아서 무릎 굽히기,http://openapi.kspo.or.kr/web/video/0AUDLJ08S_00907.mp4,79,청소년,0.5,0.5,0.0,0.0,0.0,0.0,['밴드']
0AUDLJ08S_00908.mp4,한 발 들어올리기,http://openapi.kspo.or.kr/web/video/0AUDLJ08S_00908.mp4,85,청소년,0.5,0.5,0.0,0.0,0.0,0.0,['밴드']
0AUDLJ08S_00909.mp4,한 발 끌어당기기,http://openapi.kspo.or.kr/web/video/0AUDLJ08S_00909.mp4,80,청소년,0.5,0.5,0.0,0.0,0.0,0.0,['밴드']
0AUDLJ08S_00910.mp4,옆으로 굽히기,http://openapi.kspo.or.kr/web/video/0AUDLJ08S_00910.mp4,103,청소년,0.5,0.5,0.0,0.0,0.0,0.0,['밴드']
0AUDLJ08S_00911.mp4,발에 밴드걸고 윗몸일으키기,http://openapi.kspo.or.kr/web/video/0AUDLJ08S_00911.mp4,111,청소년,0.5,0.5,0.0,0.0,0.0,0.0,['밴드']
0AUDLJ08S_00912.mp4,상체 감아올리기,http://openapi.kspo.or.kr/web/video/0AUDLJ08S_00912.mp4,123,청소년,0.5,0.5,0.0,0.0,0.0,0.0,['밴드']
0AUDLJ08S_00913.mp4,다리 감아올리기,http://openapi.kspo.or.kr/web/video/0AUDLJ08S_00913.mp4,81,청소년,0.5,0.5,0.0,0.0,0.0,0.0,['밴드']
0AUDLJ08S_00914.mp4,한 발 뒤로 들어올리기,http://openapi.kspo.or.kr/web/video/0AUDLJ08S_00914.mp4,85,청소년,0.5,0.5,0.0,0.0,0.0,0.0,['밴드']
0AUDLJ08S_00915.mp4,팔 들어 올리며 런지,http://openapi.kspo.or.kr/web/video/0AUDLJ08S_00915.mp4,102,청소년,0.5,0.5,0.0,0.0,0.0,0.0,['밴드']
0AUDLJ08S_00916.mp4,런지하며 상체 비틀기,http://openapi.kspo.or.kr/web/video/0AUDLJ08S_00916.mp4,124,청소년,0.5,0.5,0.0,0.0,0.0,0.0,['밴드']
0AUDLJ08S_00917.mp4,앉았다 일어서며 팔 들어올리기,http://openapi.kspo.or.kr/web/video/0AUDLJ08S_00917.mp4,102,청소년,0.5,0.5,0.0,0.0,0.0,0.0,['밴드']
0AUDLJ08S_00918.mp4,고양이 자세,http://openapi.kspo.or.kr/web/video/0AUDLJ08S_00918.mp4,88,청소년,0.0,0.0,0.0,1.0,0.0,0.0,['매트']
0AUDLJ08S_00919.mp4,복식 호흡,http://openapi.kspo.or.kr/web/video/0AUDLJ08S_00919.mp4,86,청소년,0.0,0.0,0.0,1.0,0.0,0.0,['매트']
0AUDLJ08S_00920.mp4,반달 자세,http://openapi.kspo.or.kr/web/video/0AUDLJ08S_00920.mp4,106,청소년,0.0,0.0,0.0,1.0,0.0,0.0,[]
0AUDLJ08S_00921.mp4,물고기 자세,http://openapi.kspo.or.kr/web/video/0AUDLJ08S_00921.mp4,89,청소년,0.0,0.0,0.0,1.0,0.0,0.0,['매트']
0AUDLJ08S_00922.mp4,누워 한발 원 그리기,http://openapi.kspo.or.kr/web/video/0AUDLJ08S_00922.mp4,106,청소년,0.0,0.0,0.0,1.0,0.0,0.0,['매트']
0AUDLJ08S_00923.mp4,엎드려 한발 원 그리기,http://openapi.kspo.or.kr/web/video/0AUDLJ08S_00923.mp4,111,청소년,0.0,0.0,0.0,1.0,0.0,0.0,['매트']
0AUDLJ08S_00924.mp4,발목 돌리기,http://openapi.kspo.or.kr/web/video/0AUDLJ08S_00924.mp4,81,청소년,0.0,0.0,0.0,1.0,0.0,0.0,['매트']
0AUDLJ08S_00925.mp4,발 끝 당기기,http://openapi.kspo.or.kr/web/video/0AUDLJ08S_00925.mp4,96,청소년,0.0,0.0,0.0,1.0,0.0,0.0,['매트']
0AUDLJ08S_00926.mp4,나비자세,http://openapi.kspo.or.kr/web/video/0AUDLJ08S_00926.mp4,114,청소년,0.0,0.0,0.0,1.0,0.0,0.0,['매트']
0AUDLJ08S_00927.mp4,왜가리 자세,http://openapi.kspo.or.kr/web/video/0AUDLJ08S_00927.mp4,130,청소년,0.0,0.0,0.0,1.0,0.0,0.0,"['매트', '수건']"
0AUDLJ08S_00928.mp4,아기자세,http://openapi.kspo.or.kr/web/video/0AUDLJ08S_00928.mp4,117,청소년,0.0,0.0,0.0,1.0,0.0,0.0,['매트']
0AUDLJ08S_00929.mp4,휴식자세,http://openapi.kspo.or.kr/web/video/0AUDLJ08S_00929.mp4,105,청소년,0.0,0.0,0.0,1.0,0.0,0.0,['매트']
0AUDLJ08S_00930.mp4,결과부좌,http://openapi.kspo.or.kr/web/video/0AUDLJ08S_00930.mp4,107,청소년,0.0,0.0,0.0,1.0,0.0,0.0,['매트']
0AUDLJ08S_00931.mp4,앉은 산 자세,http://openapi.kspo.or.kr/web/video/0AUDLJ08S_00931.mp4,110,청소년,0.0,0.0,0.0,1.0,0.0,0.0,['매트']
0AUDLJ08S_00932.mp4,모관운동,http://openapi.kspo.or.kr/web/video/0AUDLJ08S_00932.mp4,92,청소년,0.0,0.0,0.0,1.0,0.0,0.0,['매트']
0AUDLJ08S_00933.mp4,다리자세,http://openapi.kspo.or.kr/web/video/0AUDLJ08S_00933.mp4,105,청소년,0.0,0.0,0.0,1.0,0.0,0.0,['매트']
0AUDLJ08S_00934.mp4,소머리 자세,http://openapi.kspo.or.kr/web/video/0AUDLJ08S_00934.mp4,156,청소년,0.0,0.0,0.0,1.0,0.0,0.0,"['매트', '수건']"
0AUDLJ08S_00935.mp4,전사자세,http://openapi.kspo.or.kr/web/video/0AUDLJ08S_00935.mp4,110,청소년,0.0,0.0,0.0,1.0,0.0,0.0,['매트']
0AUDLJ08S_00936.mp4,회전 초승달 자세,http://openapi.kspo.or.kr/web/video/0AUDLJ08S_00936.mp4,129,청소년,0.0,0.0,0.0,1.0,0.0,0.0,['매트']
0AUDLJ08S_00937.mp4,전갈자세,http://openapi.kspo.or.kr/web/video/0AUDLJ08S_00937.mp4,92,청소년,0.0,0.0,0.0,1.0,0.0,0.0,['매트']
0AUDLJ08S_00938.mp4,합장하여 앞으로 숙이기,http://openapi.kspo.or.kr/web/video/0AUDLJ08S_00938.mp4,115,청소년,0.0,0.0,0.0,1.0,0.0,0.0,[]
0AUDLJ08S_00939.mp4,스타 투 니 풀,http://openapi.kspo.or.kr/web/video/0AUDLJ08S_00939.mp4,112,청소년,0.0,0.0,0.0,1.0,0.0,0.0,[]
0AUDLJ08S_00940.mp4,측면 팔대고 버티기,http://openapi.kspo.or.kr/web/video/0AUDLJ08S_00940.mp4,117,청소년,0.0,0.0,0.0,1.0,0.0,0.0,['매트']
0AUDLJ08S_00941.mp4,레그 스윙,http://openapi.kspo.or.kr/web/video/0AUDLJ08S_00941.mp4,119,청소년,0.0,0.0,0.0,1.0,0.0,0.0,[]
0AUDLJ08S_00942.mp4,시소우,http://openapi.kspo.or.kr/web/video/0AUDLJ08S_00942.mp4,121,청소년,0.0,0.0,0.0,1.0,0.0,0.0,[]
0AUDLJ08S_00943.mp4,나무자세,http://openapi.kspo.or.kr/web/video/0AUDLJ08S_00943.mp4,102,청소년,0.0,0.0,0.0,1.0,0.0,0.0,[]
0AUDLJ08S_00944.mp4,몸통 비틀기-3,http://openapi.kspo.or.kr/web/video/0AUDLJ08S_00944.mp4,93,청소년,0.0,0.0,0.0,1.0,0.0,0.0,[]
0AUDLJ08S_00945.mp4,목 스트레칭-3,http://openapi.kspo.or.kr/web/video/0AUDLJ08S_00945.mp4,78,청소년,0.0,0.0,0.0,1.0,0.0,0.0,['매트']
0AUDLJ08S_00946.mp4,겨드랑이 늘리기,http://openapi.kspo.or.kr/web/video/0AUDLJ08S_00946.mp4,92,청소년,0.0,0.0,0.0,1.0,0.0,0.0,['매트']
0AUDLJ08S_00947.mp4,팔 당기기,http://openapi.kspo.or.kr/web/video/0AUDLJ08S_00947.mp4,88,청소년,0.0,0.0,0.0,1.0,0.0,0.0,['매트']
0AUDLJ08S_00948.mp4,어깨 누르기,http://openapi.kspo.or.kr/web/video/0AUDLJ08S_00948.mp4,88,청소년,0.0,0.0,0.0,1.0,0.0,0.0,['매트']
0AUDLJ08S_00949.mp4,나란히 서서 손잡고 끌어당기기,http://openapi.kspo.or.kr/web/video/0AUDLJ08S_00949.mp4,102,청소년,0.0,0.0,0.0,1.0,0.0,0.0,['매트']
0AUDLJ08S_00950.mp4,가슴·어깨 펴기,http://openapi.kspo.or.kr/web/video/0AUDLJ08S_00950.mp4,76,청소년,0.0,0.0,0.0,1.0,0.0,0.0,['매트']
0AUDLJ08S_00951.mp4,마주보고 상체 좌우 비틀기,http://openapi.kspo.or.kr/web/video/0AUDLJ08S_00951.mp4,117,청소년,0.0,0.0,0.0,1.0,0.0,0.0,['매트']
0AUDLJ08S_00952.mp4,웅크리고 앉아 손잡고 상체 숙이기,http://openapi.kspo.or.kr/web/video/0AUDLJ08S_00952.mp4,85,청소년,0.0,0.0,0.0,1.0,0.0,0.0,['매트']
0AUDLJ08S_00953.mp4,상체 앞으로 숙이기,http://openapi.kspo.or.kr/web/video/0AUDLJ08S_00953.mp4,83,청소년,0.0,0.0,0.0,1.0,0.0,0.0,['매트']
0AUDLJ08S_00954.mp4,한쪽 다리펴고 상체 숙이기,http://openapi.kspo.or.kr/web/video/0AUDLJ08S_00954.mp4,105,청소년,0.0,0.0,0.0,1.0,0.0,0.0,['매트']
0AUDLJ08S_00955.mp4,앉아서 상체 앞·옆으로 기울기,http://openapi.kspo.or.kr/web/video/0AUDLJ08S_00955.mp4,108,청소년,0.0,0.0,0.0,1.0,0.0,0.0,['매트']
0AUDLJ08S_00956.mp4,엉덩이 늘리기,http://openapi.kspo.or.kr/web/video/0AUDLJ08S_00956.mp4,115,청소년,0.0,0.0,0.0,1.0,0.0,0.0,['매트']
0AUDLJ08S_00957.mp4,마주보고 종아리 펴기,http://openapi.kspo.or.kr/web/video/0AUDLJ08S_00957.mp4,103,청소년,0.0,0.0,0.0,1.0,0.0,0.0,['매트']
0AUDLJ08S_00958.mp4,발등 동시에 늘릭,http://openapi.kspo.or.kr/web/video/0AUDLJ08S_00958.mp4,103,청소년,0.0,0.0,0.0,1.0,0.0,0.0,['매트']
0AUDLJ08S_00959.mp4,목 돌리기,http://openapi.kspo.or.kr/web/video/0AUDLJ08S_00959.mp4,77,청소년,0.0,0.0,0.0,1.0,0.0,0.0,[]
0AUDLJ08S_00960.mp4,팔꿈치 원 그리기,http://openapi.kspo.or.kr/web/video/0AUDLJ08S_00960.mp4,96,청소년,0.0,0.0,0.0,1.0,0.0,0.0,['의자']
0AUDLJ08S_00961.mp4,무릎 들어올리기,http://openapi.kspo.or.kr/web/video/0AUDLJ08S_00961.mp4,87,청소년,0.0,0.0,0.0,1.0,0.0,0.0,['의자']
0AUDLJ08S_00962.mp4,다리들어 옆으로 올리기,http://openapi.kspo.or.kr/web/video/0AUDLJ08S_00962.mp4,87,청소년,0.0,0.0,0.0,1.0,0.0,0.0,['의자']
0AUDLJ08S_00963.mp4,무릎굽혀 원 그리기,http://openapi.kspo.or.kr/web/video/0AUDLJ08S_00963.mp4,84,청소년,0.0,0.0,0.0,1.0,0.0,0.0,[]
0AUDLJ08S_00964.mp4,빠르게 무릎 올려찍기,http://openapi.kspo.or.kr/web/video/0AUDLJ08S_00964.mp4,78,청소년,0.0,0.0,0.0,1.0,0.0,0.0,[]
0AUDLJ08S_00965.mp4,전진 점프하며 발바닥 찍기,http://openapi.kspo.or.kr/web/video/0AUDLJ08S_00965.mp4,69,청소년,0.0,0.0,0.0,1.0,0.0,0.0,[]
0AUDLJ08S_00966.mp4,전진 점프하며 발 뒤꿈치 찍기,http://openapi.kspo.or.kr/web/video/0AUDLJ08S_00966.mp4,63,청소년,0.0,0.0,0.0,1.0,0.0,0.0,[]
0AUDLJ08S_00967.mp4,허리숙여 양팔 돌리기,http://openapi.kspo.or.kr/web/video/0AUDLJ08S_00967.mp4,80,청소년,0.0,0.0,0.0,1.0,0.0,0.0,[]
0AUDLJ08S_00968.mp4,옆으로 팔 벌리며 점프하기,http://openapi.kspo.or.kr/web/video/0AUDLJ08S_00968.mp4,80,청소년,0.0,0.0,0.0,1.0,0.0,0.0,[]
0AUDLJ08S_00969.mp4,팔 돌리며 점프하기,http://openapi.kspo.or.kr/web/video/0AUDLJ08S_00969.mp4,94,청소년,0.0,0.0,0.0,1.0,0.0,0.0,[]
0AUDLJ08S_00970.mp4,네발 걷기,http://openapi.kspo.or.kr/web/video/0AUDLJ08S_00970.mp4,85,청소년,0.0,0.0,0.0,1.0,0.0,0.0,[]
0AUDLJ08S_00971.mp4,전신 비틀며 전진하기,http://openapi.kspo.or.kr/web/video/0AUDLJ08S_00971.mp4,86,청소년,0.0,0.0,0.0,1.0,0.0,0.0,[]
0AUDLJ08S_00972.mp4,다리 들어올리기,http://openapi.kspo.or.kr/web/video/0AUDLJ08S_00972.mp4,77,청소년,0.0,0.0,0.0,1.0,0.0,0.0,[]
0AUDLJ08S_00973.mp4,자세낮춰 이동하기,http://openapi.kspo.or.kr/web/video/0AUDLJ08S_00973.mp4,102,청소년,0.0,0.0,0.0,1.0,0.0,0.0,[]
0AUDLJ08S_00974.mp4,다리벌려 풍차돌기,http://openapi.kspo.or.kr/web/video/0AUDLJ08S_00974.mp4,110,청소년,0.0,0.0,0.0,1.0,0.0,0.0,[]
0AUDLJ08S_00975.mp4,한발들어 좌우 돌리기,http://openapi.kspo.or.kr/web/video/0AUDLJ08S_00975.mp4,135,청소년,0.0,0.0,0.0,1.0,0.0,0.0,[]
0AUDLJ08S_00976.mp4,목 당기기,http://openapi.kspo.or.kr/web/video/0AUDLJ08S_00976.mp4,78,청소년,0.0,0.0,0.0,1.0,0.0,0.0,[]
0AUDLJ08S_00977.mp4,깍지끼고 목 들어올리기,http://openapi.kspo.or.kr/web/video/0AUDLJ08S_00977.mp4,85,청소년,0.0,0.0,0.0,1.0,0.0,0.0,[]
0AUDLJ08S_00978.mp4,팔꿈치 머리 뒤로 젖히기,http://openapi.kspo.or.kr/web/video/0AUDLJ08S_00978.mp4,83,청소년,0.0,0.0,0.0,1.0,0.0,0.0,[]
0AUDLJ08S_00979.mp4,의자에 앉아 가슴 뒤로 젖히기,http://openapi.kspo.or.kr/web/video/0AUDLJ08S_00979.mp4,84,청소년,0.0,0.0,0.0,1.0,0.0,0.0,['의자']
0AUDLJ08S_00980.mp4,의자에 앉아 몸통비틀기,http://openapi.kspo.or.kr/web/video/0AUDLJ08S_00980.mp4,116,청소년,0.0,0.0,0.0,1.0,0.0,0.0,['의자']
0AUDLJ08S_00981.mp4,몸통 스트레칭,http://openapi.kspo.or.kr/web/video/0AUDLJ08S_00981.mp4,118,청소년,0.0,0.0,0.0,1.0,0.0,0.0,['매트']
0AUDLJ08S_00982.mp4,다리굽혀 허리 비틀기,http://openapi.kspo.or.kr/web/video/0AUDLJ08S_00982.mp4,91,청소년,0.0,0.0,0.0,1.0,0.0,0.0,['매트']
0AUDLJ08S_00983.mp4,의자에 앉아 가슴·몸통 말아주기,http://openapi.kspo.or.kr/web/video/0AUDLJ08S_00983.mp4,85,청소년,0.0,0.0,0.0,1.0,0.0,0.0,['의자']
0AUDLJ08S_00984.mp4,서서 한팔 들어 오른쪽·왼쪽 뻗기,http://openapi.kspo.or.kr/web/video/0AUDLJ08S_00984.mp4,101,청소년,0.0,0.0,0.0,1.0,0.0,0.0,['매트']
0AUDLJ08S_00985.mp4,옆구리 스트레칭-3,http://openapi.kspo.or.kr/web/video/0AUDLJ08S_00985.mp4,110,청소년,0.0,0.0,0.0,1.0,0.0,0.0,['매트']
0AUDLJ08S_00986.mp4,척추 들어올리기,http://openapi.kspo.or.kr/web/video/0AUDLJ08S_00986.mp4,81,청소년,0.0,0.0,0.0,1.0,0.0,0.0,['매트']
0AUDLJ08S_00987.mp4,엎드려 상체 들어올리기-2,http://openapi.kspo.or.kr/web/video/0AUDLJ08S_00987.mp4,91,청소년,0.0,0.0,0.0,1.0,0.0,0.0,['매트']
0AUDLJ08S_00988.mp4,의자에 앉아 옆구리 숙이기,http://openapi.kspo.or.kr/web/video/0AUDLJ08S_00988.mp4,82,청소년,0.0,0.0,0.0,1.0,0.0,0.0,['의자']
0AUDLJ08S_00989.mp4,무릎 당겨올리기,http://openapi.kspo.or.kr/web/video/0AUDLJ08S_00989.mp4,84,청소년,0.0,0.0,0.0,1.0,0.0,0.0,['의자']
0AUDLJ08S_00990.mp4,다리뻗어 상체 숙이기,http://openapi.kspo.or.kr/web/video/0AUDLJ08S_00990.mp4,86,청소년,0.0,0.0,0.0,1.0,0.0,0.0,['매트']
0AUDLJ08S_00991.mp4,무릎당겨 다리 올리기,http://openapi.kspo.or.kr/web/video/0AUDLJ08S_00991.mp4,96,청소년,0.0,0.0,0.0,1.0,0.0,0.0,['매트']
0AUDLJ08S_00992.mp4,다리모아 무릎 누르기,http://openapi.kspo.or.kr/web/video/0AUDLJ08S_00992.mp4,91,청소년,0.0,0.0,0.0,1.0,0.0,0.0,['매트']
0AUDLJ08S_00993.mp4,누워 발목 당겨주기,http://openapi.kspo.or.kr/web/video/0AUDLJ08S_00993.mp4,90,청소년,0.0,0.0,0.0,1.0,0.0,0.0,['매트']
0AUDLJ08S_00994.mp4,양발 교차하여 서서 몸통 숙이기,http://openapi.kspo.or.kr/web/video/0AUDLJ08S_00994.mp4,94,청소년,0.0,0.0,0.0,1.0,0.0,0.0,[]
0AUDLJ08S_00995.mp4,서서 발목 누르기,http://openapi.kspo.or.kr/web/video/0AUDLJ08S_00995.mp4,92,청소년,0.0,0.0,0.0,1.0,0.0,0.0,['의자']
0AUDLJ08S_00996.mp4,서서 발목 뒤로 당기기,http://openapi.kspo.or.kr/web/video/0AUDLJ08S_00996.mp4,73,청소년,0.0,0.0,0.0,1.0,0.0,0.0,['의자']
0AUDLJ08S_00997.mp4,양발 벌려 무릎 밀어내기,http://openapi.kspo.or.kr/web/video/0AUDLJ08S_00997.mp4,104,청소년,0.0,0.0,0.0,1.0,0.0,0.0,[]
0AUDLJ08S_00998.mp4,온 몸 뻗어주기,http://openapi.kspo.or.kr/web/video/0AUDLJ08S_00998.mp4,64,청소년,0.0,0.0,0.0,1.0,0.0,0.0,['매트']
0AUDLJ08S_00999.mp4,유연성운동 루틴프로그램,http://openapi.kspo.or.kr/web/video/0AUDLJ08S_00999.mp4,236,청소년,0.0,0.0,0.0,1.0,0.0,0.0,['의자']
0AUDLJ08S_01000.mp4,근력·근지구력운동 루틴프로그램,http://openapi.kspo.or.kr/web/video/0AUDLJ08S_01000.mp4,234,청소년,0.5,0.5,0.0,0.0,0.0,0.0,['매트']
0AUDLJ08S_01002.mp4,순발력운동 루틴프로그램,http://openapi.kspo.or.kr/web/video/0AUDLJ08S_01002.mp4,260,청소년,0.0,0.0,0.0,0.0,0.0,1.0,['박스']
0AUDLJ08S_01003.mp4,민첩성운동 루틴프로그램,http://openapi.kspo.or.kr/web/video/0AUDLJ08S_01003.mp4,215,청소년,0.0,0.0,0.0,0.0,1.0,0.0,['사다리']
0AUDLJ08S_01004.mp4,유연성운동 루틴프로그램-1,http://openapi.kspo.or.kr/web/video/0AUDLJ08S_01004.mp4,243,청소년,0.0,0.0,0.0,1.0,0.0,0.0,['매트']
0AUDLJ08S_01005.mp4,근력·근지구력운동 루틴프로그램-1,http://openapi.kspo.or.kr/web/video/0AUDLJ08S_01005.mp4,263,청소년,0.5,0.5,0.0,0.0,0.0,0.0,"['덤벨', '바벨', '헬스기구']"
0AUDLJ08S_01006.mp4,근력·근지구력운동 루틴프로그램-2,http://openapi.kspo.or.kr/web/video/0AUDLJ08S_01006.mp4,275,청소년,0.5,0.5,0.0,0.0,0.0,0.0,['밴드']
0AUDLJ08S_01007.mp4,유연성운동 루틴프로그램-2,http://openapi.kspo.or.kr/web/video/0AUDLJ08S_01007.mp4,212,청소년,0.0,0.0,0.0,1.0,0.0,0.0,"['매트', '의자']"
0AUDLJ08S_01009.mp4,유연성운동 루틴프로그램-3,http://openapi.kspo.or.kr/web/video/0AUDLJ08S_01009.mp4,276,청소년,0.0,0.0,0.0,1.0,0.0,0.0,['매트']
0AUDLJ08S_01010.mp4,민첩성운동 루틴프로그램-1,http://openapi.kspo.or.kr/web/video/0AUDLJ08S_01010.mp4,230,청소년,0.0,0.0,0.0,0.0,1.0,0.0,"['콘', '하프콘']"
0AUDLJ08S_01011.mp4,루프밴드를 활용한 전신 근력운동,http://openapi.kspo.or.kr/web/video/0AUDLJ08S_01011.mp4,612,공통,1.0,0.0,0.0,0.0,0.0,0.0,['밴드']
0AUDLJ08S_01012.mp4,물병을 활용한 유산소 전신 근력 운동,http://openapi.kspo.or.kr/web/video/0AUDLJ08S_01012.mp4,435,공통,0.875,0.125,0.0,0.0,0.0,0.0,['물병']
0AUDLJ08S_01013.mp4,계단을 활용한 유산소 전신 근력 운동,http://openapi.kspo.or.kr/web/video/0AUDLJ08S_01013.mp4,348,공통,0.75,0.25,0.0,0.0,0.0,0.0,['계단']
0AUDLJ08S_01014.mp4,냄비를 활용한 유산소 전신 근력 운동,http://openapi.kspo.or.kr/web/video/0AUDLJ08S_01014.mp4,432,공통,0.5,0.5,0.0,0.0,0.0,0.0,['냄비']
0AUDLJ08S_01015.mp4,마킹 테이프를 활용한 민첩성 순발력 협응력 집중력 근력 운동(기초),http://openapi.kspo.or.kr/web/video/0AUDLJ08S_01015.mp4,445,공통,0.0,0.0,0.0,0.0,0.5,0.5,['마킹테이프']
0AUDLJ08S_01016.mp4,마킹 테이프를 활용한 민첩성 순발력 협응력 집중력 근력 운동(응용),http://openapi.kspo.or.kr/web/video/0AUDLJ08S_01016.mp4,638,공통,0.0,0.0,0.0,0.0,0.5,0.5,['마킹테이프']
0AUDLJ08S_01018.mp4,수건을 활용한 스트레칭 운동,http://openapi.kspo.or.kr/web/video/0AUDLJ08S_01018.mp4,443,공통,0.125,0.125,0.0,0.5,0.125,0.125,['수건']
0AUDLJ08S_01019.mp4,보온병을 활용한 스트레칭 운동,http://openapi.kspo.or.kr/web/video/0AUDLJ08S_01019.mp4,623,공통,0.0,0.0,0.0,1.0,0.0,0.0,['보온병']
0CBNLH06S_00037.mp4,줄넘기 해요(줄없는),http://openapi.kspo.or.kr/web/video/0CBNLH06S_00037.mp4,74,유아기,0.0,0.0,1.0,0.0,0.0,0.0,['줄넘기']
0CBPCCU5Q_00063.mp4,수건을 돌려요,http://openapi.kspo.or.kr/web/video/0CBPCCU5Q_00063.mp4,96,유아기,0.0,0.0,1.0,0.0,0.0,0.0,['수건']
